s1_entity_id	missed_entity_id	source	s1_business_name	s1_business_address	s1_country	target_business_name	target_business_address	target_country
S1-7293388	S2-157073701	Source 2	Chordia & Partners	Faridabad, 1038 Sector 9, Haryana	India	Chordia &-Pártners Ltd	H.NO 1038 SECTOR 9, FARIABAD, Haryana	India
S1-7293388	S2-442723188	Source 2	Chordia & Partners	Faridabad, 1038 Sector 9, Haryana	India	Chordia + Pagnters - 7306204978	हरियाणा, DOOR NO 1038 SECTOR 9, FARIDABAD	India
S1-292935703	S3-421403180	Source 3	Cozy Grill	617 Fourth Street, Watseka, IL	US	Cozy [Gríll]	Fourth Saint, Watseka, Illinois	US
S1-292935703	S3-942647343	Source 3	Cozy Grill	617 Fourth Street, Watseka, IL	US	Cozy Gle	617 4th Street, Watseka, Illinois	US
S1-463669205	S2-301757320	Source 2	Beacon Municipals LLC	15602 60, Borden, IN	US	Beacon Mumnicilpas LLC	1560 60, BORDEN, IN	US
S1-957102563	S3-368033022	Source 3	Vadodara Industries Pvt Ltd	5Th Floor, E/504-A, Lalita Tower Jetalpur Road, Vadodara, Gujarat	India	vadodaraindustries.com	Door No #5Th Floor, E/504-a, Lalita Tower Jetalpur Road, Baroda, Vadodara, ગુજરાત	India
S1-83647344	S3-383555916	Source 3	New India Private Limited	Fl 401, Telangana, Sri Niketan Abhinandana Aprt. Ayyappa Society, Nr.Cgr Int. Pl.250 251, Madhapur, Hyderabad, Rangareddy	India	@newindia	Rangareddy, #240 Fl 401, Hyderabad, Sri Niketan Abhinandana Aprt. Ayyappa Society, Nr.cgr Int. Pl.250 251, Madhapur, Andhra Pradesh	India
S1-83647344	S3-175231511	Source 3	New India Private Limited	Fl 401, Telangana, Sri Niketan Abhinandana Aprt. Ayyappa Society, Nr.Cgr Int. Pl.250 251, Madhapur, Hyderabad, Rangareddy	India	New Private Limited 5ervices		India
S1-557991692	S3-176178171	Source 3	Vinay Tele	48 Manuja Bhavancentral Avenue Road, Nagpur, Maharashtra	India	vinaytele.com	Nagpur, 48 Manuja Bhavancentral Avenue Road, MH, Nagpur	India
S1-557991692	S2-88682972	Source 2	Vinay Tele	48 Manuja Bhavancentral Avenue Road, Nagpur, Maharashtra	India	Vinay Toetle		India
S1-945360052	S3-993303669	Source 3	Rachana Reality	West Bengal, Kolkata, 170/1 Lower Circuler Road, Howrah, Kolkata	India	#rachanareality	170/1 Lower Circuler Road, Kolkata, Hugli, Kolkata, WB	India
S1-445868199	S3-527067015	Source 3	Physical Therapy Group Inc	7311 Madison Commons Lane, Houston, TX	US	Physicaltherapygroup.Com	Texas, 7311 Madison Commons Lane, Houston	US
S1-289512402	S3-866244606	Source 3	Safe Supply International	TX, Cypress, 20126 Crossvine Trail Lane	US	Safe Safe Sdgulpply International	20126 Crossvine Trail Lane, Cypress, Texas	US
S1-289512402	S2-547617311	Source 2	Safe Supply International	TX, Cypress, 20126 Crossvine Trail Lane	US	Safe Súpply Ínternational		US
S1-508701481	S3-444227012	Source 3	Red Energy Pvt Ltd	Plot No-371/1519, Uttampur, Near Meera Mandap, Cuttack Sadar, Cuttack, Orissa	India	Red ଏନର୍ଜି Pvt Ltd	Plot No-371/1519, Cuttack Sadar, Orissa	India
S1-776686932	S3-653415229	Source 3	Bn Technologies Ltd	Kallingalakathchennara P O Mangalam, Malapuram, Kerala	India	#bntechnologies	Malapuram, Malappuram, KL, Kallingalakathchennara P O Mangalam	India
S1-818389760	S3-673029335	Source 3	Hernandez's Spa	5057 Macnamara Drive, Spotsylvania County, VA	US	hernandezs.com	005057 Macnamara Drive, Fredericksburg, Virginia	US
S1-22787740	S3-337828913	Source 3	Shiv Consultancy Limited	S. No. 116/4, Wallstreet, 3Rd Floor, Office No. 308, Pune City, Pune, Maharashtra	India	Shiv Conusltancy Limited	S. No. 116/4, Pune City, Pune, MH	India
S1-337241318	S2-511770959	Source 2	Aditesh Foundation Private Limited	Tamil Nadu, No.26, Chennai, Kothari Nagar, 1St Street, Ramapuram	India	ADITESH FUOTNDATION PRIVATE LIMITED	NO.D/26 , KOTHARI NAGAR, 1ST STREET, RAMAPURAM, CHENNAI, Tamil Nadu	India
S1-349683786	S2-983792162	Source 2	All Global Private Limited	508, Bhaveshwar Complex, Station Road, Vidyavihar (West), Mumbai, Mumbai City, Maharashtra	India	PRIVATE ALL GL0BAL LIMITED	508, MUMBAI CITY, BOMBAY, Maharashtra	India
S1-435197119	S2-23416594	Source 2	Arihant Properties	Plot No.569/1400, Kuakhai Nagar, Lane-2, Bhubaneswar, Khordha, Orissa	India	ଅରିହନ୍ତ ପ୍ରୋପର୍ଟିଜ୍	PLOT NO.569/1400, KHORDHA, Odisha	India
S1-435197119	S2-976363731	Source 2	Arihant Properties	Plot No.569/1400, Kuakhai Nagar, Lane-2, Bhubaneswar, Khordha, Orissa	India	ଅରିହନ୍ତ ପ୍ରୋପର୍ଟିଜ୍	PLOT NO.569/1400, KHORDHA, Odisha	India
S1-798312676	S3-243209227	Source 3	Vision Impex Private Limited	Flat No - 003, B-23, R N B Bldg, Anand Nagar, Dahisar East, Mumbai, Maharashtra	India	Vision इम्पेक्स Private Limited	महाराष्ट्र, Mumbai, Flat No - 003, B-23, R N B Bldg, Anand Nagar, Dahisar East	India
S1-103306577	S3-928095370	Source 3	Board of Buildings	IL, Kincaid, 1308 Springfield Road	US	Board of Blulidiegs	1308-1312 Springfield Road, PMB 1356, Kincaid, Illinois	US
S1-103306577	S2-303100284	Source 2	Board of Buildings	IL, Kincaid, 1308 Springfield Road	US	Board of Búildings	308 SPRINGFIELD RD, KINCAID, IL	US
S1-103306577	S2-972889340	Source 2	Board of Buildings	IL, Kincaid, 1308 Springfield Road	US	Board of	308 SPRINGFIELD ROAD, KINCAID, IL	US
S1-136329156	S3-518441474	Source 3	Baba Care Pvt Ltd	No.43, Vgn Mahalakshmi Nag, Iiird Main Road, Poonamallee, Tiruvallur, Tamil Nadu	India	பாபா கேர் பிரைவேட் லிமிடெட்	Door No 43, Tiruvallur, Poonamallee, TN	India
S1-695404178	S2-585697744	Source 2	Million Marketing Pvt. Ltd.	Shop No.72/2, Deviniwash Road, Kolkata, Kolkata, Howrah, West Bengal	India	MILLIONMARKETING.COM	DOOR NO 72/ , DEVINIWASH ROAD, KOLKATA, HOWRAH, West Bengal	India
S1-695404178	S3-736391862	Source 3	Million Marketing Pvt. Ltd.	Shop No.72/2, Deviniwash Road, Kolkata, Kolkata, Howrah, West Bengal	India	Million (Márketing)	WB, Howrah, #072/2, Deviniwash Road, Kolkata	India
S1-299367178	S2-250009064	Source 2	American Legacy Islands Inc	729 Cr 11, Tiffin, OH	US	Veragildsyn	729 CR 11, CLINTON TWP, OH	US
S1-559249977	S3-314527984	Source 3	My Investment Private Limited	C/O Mayank Anilkumar Sing, Chinchani District Thane, Palghar, Thane, Maharashtra	India	माय इन्वेस्टमेंट प्राइवेट लिमिटेड	MH, Palghar, Thane, C/o Mayank Anilkumar Sing, Chinchani District Thane	India
S1-713796415	S2-401853744	Source 2	Perfect Systems Private Limited	Surat, Gujarat, 7Th Floor Office 703 -704 Rs No 365/P 366 Tps -4 Fp -50 Diamond World Tower -A Nr Prince Plaza, Mangadh Chowk Mini Bazar., Varachha Road, Surat	India	પરફેક્ટ સિસ્ટમ્સ પ્રાઇવેટ લિમિટેડ	DOOR NO 7TH. FLOOR OFFICE 703 -704 RS NO 365/P 366 TPS -4 FP -50 DIAMOND WORLD TOWER -A NR PRINCE PLAZA, MANGADH CHOWK MINI BAZAR., VARACHHA ROAD, SURAT, SURAT, ગુજરાત	India
S1-713796415	S3-60753683	Source 3	Perfect Systems Private Limited	Surat, Gujarat, 7Th Floor Office 703 -704 Rs No 365/P 366 Tps -4 Fp -50 Diamond World Tower -A Nr Prince Plaza, Mangadh Chowk Mini Bazar., Varachha Road, Surat	India	#perfectsystems	B3/7th Floor Office 703 -704 Rs No 365/P 366 Tps -4 Fp -50 Diamond World Tower -A Nr Prince Plaza, Surat, GJ	India
S1-141869436	S2-890829176	Source 2	Sahaja Edutech LLP	Ground Floor, Ramkrishnapur, Sabrakone, Taldangra, Bankura, West Bengal	India	LLP SAHAJA EDUTHCH	GROUND FLOOR, TALDANGRA, West Bengal, RAMKRISHNAPUR, SABRAKONE, BANKURA	India
S1-722701300	S3-946525856	Source 3	Prananth Chemicals Limited	Ed-2C Pitampura, Madhuban Chownk, New Delhi, North West, Delhi	India	Prananth  Chemicmns Limited		India
S1-879207596	S2-476270581	Source 2	Prime Investment Private Limited	Flat No. 302, Buld. No A, Heliconia Ii Magarpatta, Pune City, Pune, Maharashtra	India	प्राइम इन्वेस्टमेंट प्राइवेट लिमिटेड	DOOR NO 302, PUNE, null, Maharashtra	India
S1-879207596	S3-232810221	Source 3	Prime Investment Private Limited	Flat No. 302, Buld. No A, Heliconia Ii Magarpatta, Pune City, Pune, Maharashtra	India	Yumajaxriza	302, Buld. No A, Heliconia Ii Magarpatta, Pune, Pune City, महाराष्ट्र	India
S1-879207596	S3-425703002	Source 3	Prime Investment Private Limited	Flat No. 302, Buld. No A, Heliconia Ii Magarpatta, Pune City, Pune, Maharashtra	India	प्राइम इन्वेस्टमेंट प्राइवेट लिमिटेड	Pune, Buld. No A, Heliconia Ii Magarpatta, Flat No. 302, Pune City, महाराष्ट्र	India
S1-679867766	S2-758749983	Source 2	Bright Seafood Inc	8531 Ff, Town Of Grant, WI	US	Bright  Sbgaefodo Inc	8531 FF, WISCONSIN RAPIDS, WI	US
S1-679867766	S2-229196987	Source 2	Bright Seafood Inc	8531 Ff, Town Of Grant, WI	US	brightseafood.com	8531 FF, WISCONSIN RAPIDS TOWNSHIP, WI	US
S1-679867766	S3-474416661	Source 3	Bright Seafood Inc	8531 Ff, Town Of Grant, WI	US	Bright Sealfaomd  Inc	8531c Ff, Wisconsin, Town Of Grant	US
S1-679867766	S2-281940270	Source 2	Bright Seafood Inc	8531 Ff, Town Of Grant, WI	US	Bright Séafoeod Inc	8531 FF, WISCONSIN RAPIDS, WI	US
S1-362453370	S3-599301293	Source 3	Delta Keen Inc	40 Peabody Street, TN, Nashville, Unit 122	US	Lumvera formerly: Delta Keen Inc	Nashville, TN, Unit 122, 40 Peabody Street	US
S1-861667938	S2-241528425	Source 2	FGY Time	572 B, Nemi Sagar Colony Vaishali Marg Vaishali Nagar, Jaipur, Rajasthan	India	FGY Tom	DOOR NO 572 B, NEMI SAGAR COLONY VAISHALI MARG VAISHALI NAGAR, JAIPUR, Rajasthan	India
S1-10222665	S2-494483805	Source 2	Jupitar (India) Planners Pvt. Ltd.	443-The Boulevard, Opp. Western Bus Hub, Surat City, Surat, Gujarat	India	Smt IJPLANNERS.COM	SURAT CITY, BOULEVARD, Gujarat	India
S1-701324010	S2-675926597	Source 2	Giriraj Media Pvt Ltd	Charander Village Road, Kolkata, Howrah, 41A, Kolkata, West Bengal	India	@girirajmedia	41A, CHARANDER VILAGE ROAD, KOLKATA, KOLKATA, West Bengal	India
S1-871170634	S2-126438440	Source 2	Diehm Permian LP	Chesterfield County, 7806 Duntrune Drive, VA	US	pérmiandiehm.com	7806 DUNTRUNE DRIVE, CHESTERFIELDCITY, VA	US
S1-871170634	S2-368302501	Source 2	Diehm Permian LP	Chesterfield County, 7806 Duntrune Drive, VA	US	Diehm Pérmian LP	7806 DUNTRUNE DR, CHESTERFIELDCITY, VA	US
S1-300289723	S3-918851466	Source 3	Healthy Engineering Limited	Flat No. 803, Mi Rustle Court, Sector-6, Lucknow, Uttar Pradesh	India	Healthy Limited Services		India
S1-953545521	S2-178012926	Source 2	5-Legged Dog	6521 91st Place, Lubbock, TX	US	5leggeddogcom	6521D 91ST PLACE, LUBBOCK, TX	US
S1-953545521	S3-451217093	Source 3	5-Legged Dog	6521 91st Place, Lubbock, TX	US	5Loed Dog	6521 91th Pl, Lubbock, Texas	US
S1-754201992	S3-562945328	Source 3	Rediex LLC	Cle Elum, WA, 380 Morning Dove Lane	US	Rmrnex LLC	00380 Morning Dove Ln, Cle Elum, Washington	US
S1-754201992	S3-835305931	Source 3	Rediex LLC	Cle Elum, WA, 380 Morning Dove Lane	US	Fayedeltaorbi a/k/a Rediex LLC	380 Morning Dove Lane, Cle Elum, WA	US
S1-879877635	S2-794448353	Source 2	Kiran & Brothers	Srikrishnapuri, Patna, Bihar, Srikrishnapuri, 207B	India	KIRAN & BRBTEDERS	H.NO G-320 207B, SRIKRISHNAPURI, SRIKRISHNAPURI, Bihar	India
S1-349849273	S2-947199280	Source 2	Jajodia & Co Ltd	B-303, Sai Anand Apartment, Sambhaji Nagar, Vaitiwadi, Thane (West), Thane, Maharashtra	India	Mr j.com	PLOT 233 B-303, THANE, Maharashtra	India
S1-566265142	S3-498027490	Source 3	JU Solutions Private Limited	3Rd Floor, B/86 Swarnim, Indsutrial Park, Phase 2, Dascroi, Ahmedabad, Gujarat	India	Private JU Solutions Limited	Dascroi, Doro No 3Rd Floor, Ahmedabad, ગુજરાત	India
S1-973717755	S2-940499387	Source 2	Ujjawal Institute of Technology	Sr No-45/1/1 Milkat No, 1043 Hole Wasti Undri, Pune City, Pune, Maharashtra	India	Ujjawa1  Institute of Center		India
S1-453313801	S2-522655618	Source 2	Jay Media	9-4-84/44, Kakatiya Nagar, Nanal Nagar, Golconda, Hyderabad, Telangana	India	జై మీడియా	09-4-84/44, GOLCONDA, HYDERABAD, తెలంగాణ	India
S1-553350361	S3-897956488	Source 3	Keystone Dividend Company	275 Candlers Mountain Road, Campbell County, VA	US	Keystone Divmidned Company	275 Canders Mountain Road, Rustburg, Virginia	US
S1-250284344	S3-801025607	Source 3	Fortune Developers Private Limited	Punjab, C/O Sukhjiwan Kumar So Dharam Pal Bansal Mc No.585/12, Moga, Opp. Axis Bank, Mudki Road, Baghapurana	India	Fortune Private Limited-Service	C/o Sukhjiwan Kumar So Dharam Pal Bansal Mc No.585/12, Baghapurana, Moga, PB	India
S1-726175679	S2-682080483	Source 2	Blue Global Private Limited	A/610, Main Frame Building, Royal Palms, Aarey Milk Colony, Goregaon (East), Mumbai, Maharashtra	India	Blue Glhobla Private Limited		India
S1-726175679	S2-636109237	Source 2	Blue Global Private Limited	A/610, Main Frame Building, Royal Palms, Aarey Milk Colony, Goregaon (East), Mumbai, Maharashtra	India	ब्लू ग्लोबल प्राइवेट लिमिटेड	A/610, Maharashtra, GOREGAON (EAST), MUMBAI, MAIN FRAME BUILDING, ROYAL PALMS, AAREY MILK COLONY	India
S1-223620731	S2-938681600	Source 2	Global Infotech Limited	West Delhi, Delhi, New Delhi, Khasara No. 71/3, 1St Floor Sec-23, Shyam Colony Budh Vihar, H No.-1190	India	ग्लोबल इंफोटेक लिमिटेड	H NO.-1190, NORTH DELHI, NEW DELHI, Delhi	India
S1-223620731	S2-590226331	Source 2	Global Infotech Limited	West Delhi, Delhi, New Delhi, Khasara No. 71/3, 1St Floor Sec-23, Shyam Colony Budh Vihar, H No.-1190	India	ग्लोबल इंफोटेक लिमिटेड	H NO.-1190, KHASARA NO. 71/3, 1ST FLOOR SEC-23, SHYAM COLONY BUDH VIHAR, NORTH DELHI, NEW DELHI, Delhi	India
S1-897987810	S3-158141378	Source 3	Continental Beacon Home Improvements Inc	24331 Old 24, Woodburn, IN	US	Deltavantage	Woodburn, 24331 Old 24, IN	US
S1-284938229	S2-34169267	Source 2	Jain Ventures Private Limited	#313, J.C. Extension, Vijayapur, Devanhalli Ta, Luk, Vagdevi Nilaya, Bangalore, Karnataka, Bangalore	India	ಜೈನ್ ವೆಂಚರ್ಸ್ ಪ್ರೈವೇಟ್ ಲಿಮಿಟೆಡ್	VAGDEVI NILAYA, BANGALORE, Karnataka	India
S1-284938229	S3-949307490	Source 3	Jain Ventures Private Limited	#313, J.C. Extension, Vijayapur, Devanhalli Ta, Luk, Vagdevi Nilaya, Bangalore, Karnataka, Bangalore	India	Jain Venmturse Private Limited	Vagdevi Nilaya, #313, J.c. Extension, Vijayapur, Devanhalli Ta, Luk, Bengaluru, Bangalore, KA	India
S1-531427084	S2-745746990	Source 2	Electricians Union Local No 947	La Plata, MD, 844 Holly Drive	US	unionlocalelectricians.com	844 HOLLY DRIVE, LA PLATA, MD	US
S1-531427084	S3-45492899	Source 3	Electricians Union Local No 947	La Plata, MD, 844 Holly Drive	US	electriciansunionlocal.com	844 Holly Drive, La Plata, Maryland	US
S1-619255846	S2-850163306	Source 2	Antonio Rush	OK, 1213 Orient, Clinton	US	antoniorush.com	1213 ONIENT, OK, CLINTON	US
S1-598852387	S2-947962409	Source 2	Municipals	140 Drivers Lane, Unit 4, Gallatin, TN	US	Muiiicpas	420 DRIVERS LN, GALATIN, TN	US
S1-598852387	S3-46093263	Source 3	Municipals	140 Drivers Lane, Unit 4, Gallatin, TN	US	Fayevantage (ID: 4784)	Gallatin, # 4, 68 Drivers Ln, Tennessee	US
S1-473219328	S3-677195410	Source 3	Agra Interactive Private Limited	C 67, 8Th/F Block C Gh 2, Multitech Towers, Sector 91, S.A.S.Nagar (Mohali), Rupnagar, Punjab	India	M/s Agra lnteractive Private Limited	C 67, PB, Rupnagar, S.a.s.nagar (Mohali)	India
S1-146845100	S2-753806369	Source 2	Orthopedic Associates Inc	360 324 Street, Willowick, OH	US	orthopedicassociates.com	760 324 ST, WILLOWICK, OH	US
S1-146845100	S2-341455263	Source 2	Orthopedic Associates Inc	360 324 Street, Willowick, OH	US	ORTHOPEDIC AOSOSOOITES INC		US
S1-11627159	S2-81915747	Source 2	Pacific Valley Berkley Inc.	Romeoville, IL, 424 Macon Avenue	US	pacificvalleyberkley.com	424 MACON AVE, INCORPORATED, IL	US
S1-833965887	S3-973716231	Source 3	Innovative Galaxy Software	No 42 Nair Ayya Pillai St, Chennai, Tamil Nadu	India	innovativegalaxysoftware.com	Chennai, Door No ##42 Nair Ayya Pillai St, Chennai, TN	India
S1-361130212	S2-309573501	Source 2	Regional Express	Brownsville, 555 Azteca Drive, TX	US	regionalexpress.com	55 AZTECA DR, BROWNSVILLE, TX	US
S1-852775221	S2-630518358	Source 2	Universal Foundation Pvt Ltd	G1, Amirtha Varshini, 131, Old No.52, Kothanda Ramar Koil Street, West Mambala, M, Chennai, Tamil Nadu	India	யுனிவர்சல் ஃபவுண்டேஷன் பிரைவேட் லிமிடெட்	GD/1, CHENNAI, Tamil Nadu	India
S1-852775221	S2-289490782	Source 2	Universal Foundation Pvt Ltd	G1, Amirtha Varshini, 131, Old No.52, Kothanda Ramar Koil Street, West Mambala, M, Chennai, Tamil Nadu	India	யுனிவர்சல் ஃபவுண்டேஷன் பிரைவேட் லிமிடெட்	CHENNAI, AMIRTHA VARSHINI, 131, OLD NO.52, KOTHANDA RAMAR KOIL STREET, WEST MAMBALA, M, Tamil Nadu, GD/1, CHENNAI	India
S1-852775221	S3-322974564	Source 3	Universal Foundation Pvt Ltd	G1, Amirtha Varshini, 131, Old No.52, Kothanda Ramar Koil Street, West Mambala, M, Chennai, Tamil Nadu	India	Universal Fóundation Pvt	Block G-d/990 G1, Chennai, TN	India
S1-839147305	S3-775700958	Source 3	Integrated Construction Associates, LLC	VA, Chesterfield County, 8810 Metro Court	US	integratedconstructionassociates.com	8810 Metro Court, Chesterfield County, Virginia	US
S1-839147305	S2-887165055	Source 2	Integrated Construction Associates, LLC	VA, Chesterfield County, 8810 Metro Court	US	Integrated Associates, LLC Services	008810 METRO CT, RICHMOND, VA	US
S1-180956762	S3-899318682	Source 3	Orane Brothers Limited	Dharmshinka Villa Plot No. 387/407 Rsc 26, Near St. Rocks School, Goari 2, Borivali W, Mumbai, Mumbai City, Maharashtra	India	Ectonyla dba Orane Brothers Limited	Maharashtra, Near St. Rocks School, Goari 2, Borivali W, Dharmshinka Villa Plot No. 387/407 Rsc 26, Mumbai, Mumbai City	India
S1-621690113	S3-190819231	Source 3	Ceon Income	NY, East Hampton, 121 Fort Pond Boulevard	US	-- Ceon-Icnoarre	Fort Pond Blvd, East Hampton, New York	US
S1-621690113	S2-21068434	Source 2	Ceon Income	NY, East Hampton, 121 Fort Pond Boulevard	US	Ceon Center	121 FORT POND BLVD, SPRINGS, NY	US
S1-606109978	S2-850087112	Source 2	Dynamic Technologies Private Limited	C-4, Madhikar Garh Colony, Tehsil, Kotputli, Jaipur, Rajasthan	India	डायनामिक टेक्नोलॉजीज प्राइवेट लिमिटेड	Rajasthan, MADHIKAR GARH COLONY, TEHSIL, KOTPUTLI, JAIPUR, C-4/4, JAIPUR	India
S1-704919417	S3-184554630	Source 3	NBI Works LLP	Uttar Pradesh, Lakhimpur, S/O Sri Sobran Lal Bajpai, Kheri, Village Khakra Chhauchh	India	NBI LLP  Center	Hn D/869 Village Khakra Chhauchh, S/o Sri Sobran Lal Bajpai, Kheri, Lakhimpur, उत्तर प्रदेश	India
S1-704919417	S3-399003251	Source 3	NBI Works LLP	Uttar Pradesh, Lakhimpur, S/O Sri Sobran Lal Bajpai, Kheri, Village Khakra Chhauchh	India	NBI Wórks L.L.P.	Kheri, UP, Hn D/869 Village Khakra Chhauchh, Lakhimpur	India
S1-813704961	S2-623318081	Source 2	Cota Abony	164 Hawk Nest Court, Henrico County, VA	US	Cota Ábony (ID: 51601)	HENRICO COUNTY, 164-D HAWK NEST CT, VA	US
S1-414888397	S2-705169915	Source 2	Star Foundation Private Limited	Grd Floor, The Landmark, No 28, Assaye Road, Bangalore North, Bangalore, Karnataka	India	ಸ್ಟಾರ್ ಫೌಂಡೇಶನ್ ಪ್ರೈವೇಟ್ ಲಿಮಿಟೆಡ್	GRD FLOOR, BANGALORE URBAN, Karnataka	India
S1-972363721	S3-120561476	Source 3	Universal Foods Pvt Ltd	Plot No.51, No.9, 2Nd Crossway, Aster Court Sea Cliff Conclave, Vgp Golden Beach, Chennai, Tamil Nadu	India	யுனிவர்சல் ஃபுட்ஸ் பிரைவேட் லிமிடெட்	Chennai, TN, No.9, 2Nd Crossway, Aster Court Sea Cliff Conclave, Vgp Golden Beach, H.no B3/51	India
S1-371874635	S3-684456756	Source 3	NL Services Pvt. Ltd.	New Delhi, South Delhi, C-35 South Extension Part I, Delhi	India	Pvt. NL Services Ltd	No 392 C-35 South Extension Part I, New Delhi, South Delhi, दिल्ली	India
S1-371874635	S2-311808	Source 2	NL Services Pvt. Ltd.	New Delhi, South Delhi, C-35 South Extension Part I, Delhi	India	NL Services Pvt Limited	C-35  SOUTH EXTENSION PART I, NEW DELHI, Delhi	India
S1-296806571	S3-237799760	Source 3	Design & Partners Group	Office No 218, 555, Business Point, Narayan Chambers, Near Modi Ganpati, Nar, Ayan Peth, Pune, Maharashtra	India	Design & Pártners Group	#0511 Office No 218, MH, Pune, Ayan Peth	India
S1-296806571	S3-906475287	Source 3	Design & Partners Group	Office No 218, 555, Business Point, Narayan Chambers, Near Modi Ganpati, Nar, Ayan Peth, Pune, Maharashtra	India	Design & Enterprises		India
S1-230674983	S3-5705304	Source 3	Winni's Pizza Partners	4916 S Hill View Drive, Charlotte, NC	US	winnispizzapartners.com	4916 South Hill View Dr, Charlotte, North Carolina	US
S1-177470509	S2-434303601	Source 2	Northern One	1034 Bolton Avenue, IN, Indianapolis	US	N0rthern One	IN, INDIANAPOLIS, 1201. BOLTON AVE	US
S1-109593962	S3-118565228	Source 3	Great Impex Private Limited	6-2-101/5/C, Telangana, Hyderabad, Secunderabad, Lane Beside Centralview Apt New Bhoiguda	India	గ్రేట్ ఇంపెక్స్ ప్రైవేట్ లిమిటెడ్	6-2-101/5/C, Lane Beside Centralview Apt New Bhoiguda, Secunderabad, Hyderabad, TG	India
S1-109593962	S2-199917158	Source 2	Great Impex Private Limited	6-2-101/5/C, Telangana, Hyderabad, Secunderabad, Lane Beside Centralview Apt New Bhoiguda	India	గ్రేట్ ఇంపెక్స్ ప్రైవేట్ లిమిటెడ్	6-2-101/5/C, HYDERABAD, SECUNDERABAD, తెలంగాణ	India
S1-758949647	S2-753472575	Source 2	Shell's Safe Advisors	210 Creekedge Circle, Huntsville, AL	US	shellssafeadvisors.com	AL, HUNTSVILLE, 0210 CREEKEDGE CIRCLE	US
S1-300598855	S2-65111536	Source 2	Green Fortune Software Private Limited	Sixth Floor, Rr Tower Iii, T.V.K Industrial Estate, Guindy, Chennai, Chennai, Tamil Nadu	India	கிரீன் ஃபார்ச்சூன் சாஃப்ட்வேர் பிரைவேட் லிமிடெட்	SITXH FLOOR, RR TOWER III, T.V.K INDUSTRIAL ESTATE, GUINDY, CHENNAI, CHENNAI, தமிழ்நாடு	India
S1-420925507	S3-75671102	Source 3	Charity's Certified Media	5209 Stillwood Drive, Wichita Falls, TX	US	Umbrafaye formerly known as Charity's Certified Media	Wichita Falls, TX, 5209 Stillwood Drive	US
S1-100109534	S2-456305658	Source 2	YZ Empire Rmg LLC	129 Quincy Street, Westmont, IL	US	yzempirermg.com	129 QUINYC STREET, WESTMONT, IL	US
S1-668968195	S2-846483605	Source 2	Mclaughlin Equity Partners LLC	Goshen, 608 Kercher Road, IN	US	MCLAUGHLINEQUITYPARTNERS.COM	IN, INCORPORATED, 608  KERCHER RD	US
S1-575212832	S3-90202042	Source 3	Sai Producer Private Limited	1-Ag-1-10/16, Flr-Grd, 1, Ganesh Murti Ngr. Captain Prakash Pethe Marg, Colaba, Back Bay Bus Depot, Mumbai, Mumbai City, Maharashtra	India	Sai Pdouecr Private Limited	1-Ag-1-10/16/4, Mumbai, Mumbai City, MH	India
S1-374373873	S3-771698089	Source 3	Martica's Bay Logistics	IN, West Lafayette, 302 Point West Ii	US	>> Jaxdova	302 Point West Ii, West Lafayette, Indiana	US
S1-96886690	S2-386674236	Source 2	Digital Bharat Media Private Limited	704, Om Sai Shraddha Co Op Hsg Society Ltd., Opp Gagangiri Park, Samta Nagar, Thane, Maharashtra	India	डिजिटल भारत मीडिया प्राइवेट लिमिटेड	704/9, THANE, Maharashtra	India
S1-921642430	S2-814125378	Source 2	Hornsby Trust	NM, 804 Linam Street, Hobbs	US	Homsby Trust	HOBBS, 804 LIANM ST, NM	US
S1-245985596	S2-912804964	Source 2	Riley Engineering PLLC	Unit E-E15, Dove Valley, CO, 14200 Otero Avenue	US	RILEYENGINEERING.COM	14200 OTERO AVE, CO, DOVE VALLEY	US
S1-149092361	S3-584248867	Source 3	Vaon	5610 Plum Point Court, Sugar Land, TX	US	Vashn	5610d Plum Point Court, Sugar Lannd, Texas	US
S1-149092361	S3-49879895	Source 3	Vaon	5610 Plum Point Court, Sugar Land, TX	US	Vaon.Com	5610d Plum Point Court, Sugar Lannd, Texas	US
S1-28453582	S2-72442936	Source 2	Laxmi Foundation Pvt Ltd	No 45 F Karukinil, Amarthaval Koil Street, Kancheepuram, Kanchipuram, Tamil Nadu	India	லக்ஷ்மி ஃபவுண்டேஷன் பிரைவேட் லிமிடெட்	DOOR NO #45 F KARUKINIL, AMARTHAVAL KOIL STREET, KANCHEEPURAM, KANCHIPURAM, Tamil Nadu	India
S1-443022811	S2-331707463	Source 2	Great Impex Limited	2-2-1130/8/A, Ii Floor Sivam Road, Opp Sbi Nallakunda, Hyderabd, Telangana	India	గ్రేట్ ఇంపెక్స్ లిమిటెడ్	2-2-1130/8/A, OPP SBI NALLAKUNDA, HYDERABD, Telangana	India
S1-86766910	S3-638759317	Source 3	Verrelle Averin	2426 Bathwick Lane, Forney, TX	US	Verre1le Averin	Bathwick Ln, Forey, Texas	US
S1-729777698	S3-96877441	Source 3	Atlantic Investment International Inc.	1819 Riverview Drive, Roseburg, OR	US	Inc. Atlantic Invesent International	Oregon, 1819 Riverview Dr, Roseburg	US
S1-595584379	S2-90794520	Source 2	Pediatric Continental Associates LLC	1208 Stafford Road, Darlington, MD	US	Pediatric Associates LLC Center		US
S1-434099993	S2-999431918	Source 2	Finpro Creations Company	Bangalore, Karnataka, Bangalore, 163/5, Bhoomika Apartments G-002, 1St Floor, Seshadripuram	India	Finpro Company [Center]	NO. 204 163/5, BHOOMIKA APARTMENTS G-002, 1ST FLOOR, SESHADRIPURAM, BANGALORE, Karnataka	India
S1-434099993	S2-349198774	Source 2	Finpro Creations Company	Bangalore, Karnataka, Bangalore, 163/5, Bhoomika Apartments G-002, 1St Floor, Seshadripuram	India	Finpro Crtbtfisons Company	NO 204 163/5, BHOOMIKA APARTMENTS G-002, 1ST FLOOR, SESHADRIPURAM, BANGALORE, ಕರ್ನಾಟಕ	India
S1-434099993	S2-950450589	Source 2	Finpro Creations Company	Bangalore, Karnataka, Bangalore, 163/5, Bhoomika Apartments G-002, 1St Floor, Seshadripuram	India	FINPRO COMPANY CENTER	NO. 204 163/5, BHOOMIKA APARTMENTS G-002, 1ST FLOOR, SESHADRIPURAM, BANGALORE, Karnataka	India
S1-434099993	S3-880074882	Source 3	Finpro Creations Company	Bangalore, Karnataka, Bangalore, 163/5, Bhoomika Apartments G-002, 1St Floor, Seshadripuram	India	Finpro Crefations Company	Plot 00749 163/5, Bangalore, <NULL>, KA	India
S1-827122880	S3-233305147	Source 3	Office of Environmental Protection	268 Military Ridge Drive, City Of Verona, WI	US	Office óf Trading		US
S1-415164434	S2-586847051	Source 2	Savant Trust	Salem, Chinnayya Complex, Five Roads, Omalur Main Rd, Tamil Nadu, Salem, D.384	India	#SÁVANTTRUST	D.384, CHINNAYYA COMPLEX, FIVE ROADS, OMALUR MAIN RD, SALEM, Tamil Nadu	India
S1-217486040	S3-333899249	Source 3	White Transportation LLC	14328 Desierto Bueno Avenue, Horizon City, TX	US	White Transprtason LLC	Horizon City, 14328 Desierto Bueno Avenue, Texas	US
S1-93364669	S3-931161797	Source 3	Hoff Software LLC	1053 Emily Lane, Jefferson City, MO	US	hoffsoftware.com	Jefferson City, PMB 6875, Missouri, 1053 Emily Ln	US
S1-565373599	S2-187309079	Source 2	Subham & Co	Flat No. 1501, Atlantis, Raheja Arcopolis Complex, Behind Deonar Telecom Factory, Deonar, C, Hembur, Mumbai, Maharashtra	India	Shri SMUBBHM  & CO	MUMBAI, NO 1501, ATLANTIS, RAHEJA ARCOPOLIS COMPLEX, BEHIND DEONAR TELECOM FACTORY, DEONAR, C, Maharashtra, HEMBUR	India
S1-565373599	S2-563691319	Source 2	Subham & Co	Flat No. 1501, Atlantis, Raheja Arcopolis Complex, Behind Deonar Telecom Factory, Deonar, C, Hembur, Mumbai, Maharashtra	India	SGM  & CO	FAT NO. 1501, ATLANTIS, RAHEJA ARCOPOLIS COMPLEX, BEHIND DEONAR TELECOM FACTORY, DEONAR, C, HEMBUR, MUMBAI, Maharashtra	India
S1-993896174	S3-51509016	Source 3	Anon Constructions Corp	Pune, Sr No 36/1/1 B Olympia Phase 1, Haveli, Maharashtra, Office No 207 Baner Gaon	India	Anon Corp Center	Sr No 36/1/1 B Oylmpia Phase 1, Office No 207 Baner Gaon, Haveli, Pune, MH	India
S1-823532500	S2-135935174	Source 2	Vivify Resorts Private Limited	At/Po-Dhenkikote, Block-Ghatgaon, Keonjhar, Kendujhar, Orissa	India	VIVIFY RE5ORTS PRIVATE	AT/PO-DHENKIKOTE, BLOCK-GRATGAON, KEONJHAR, ଓଡ଼ିଶା	India
S1-64423771	S3-508261785	Source 3	Jvj Allied Group	Malayalay, Unit No. 2A (S) 2Nd Floor, 3 Woodburn Park, Kolkata, Kolkata, Howrah, West Bengal	India	Jvj Group Allide	Kolkata, Malayalay, Howrah, WB	India
S1-956902396	S2-992350163	Source 2	Leonard Security LLC	620 F Street, Ardmore, OK	US	Leonard 5ecurity LLC	ARDMORE, OK, F STREET	US
S1-440366196	S2-107024797	Source 2	First Trading	Thane, Plot No.59 Sector 11, Cbd Belapur, Maharashtra, Office No.B-313	India	फर्स्ट ट्रेडिंग	OFFICE NO.B-313, THANE, महाराष्ट्र	India
S1-440366196	S3-243030748	Source 3	First Trading	Thane, Plot No.59 Sector 11, Cbd Belapur, Maharashtra, Office No.B-313	India	First Tráding	Office No.b-313, Plot No.59 Sector 11, Cbd Belapur, Thane, MH	India
S1-905269811	S2-872846190	Source 2	Good Services	52, Vijay Nagar, Kartarpura Ward No. 15 Tehsil Jaipur, Jaipur, Rajasthan	India	गुड सर्विसेज	BLOCK G-0618 52, VIJAY NAGAR, JAIPUR, KARTARPURA WARD NO. 15 TEHSIL JAIPUR, Rajasthan	India
S1-905269811	S3-739345030	Source 3	Good Services	52, Vijay Nagar, Kartarpura Ward No. 15 Tehsil Jaipur, Jaipur, Rajasthan	India	गुड सर्विसेज	52, Kartarpura Ward No. 15 Tehsil Jaipur, राजस्थान	India
S1-174513984	S3-647367408	Source 3	Energy Vr Textile Corporation	# 4, Custain Beach Rd, Santhome, Chennai, Tamil Nadu	India	-- Energy Vr Texfltiel Corporation	Door No 4, Chennai, TN	India
S1-842983493	S2-878151338	Source 2	Tl Securities Limited	Haren Tex Compoundnear Dahisar Check Naka Dahisar (East), Mumbai, Maharashtra	India	Tl Scrts Limited	DOOR NO 584 HAREN TEX COMPOUNDNEAR DAHISAR CHECK NAKA DAHISAR (EAST), MUMBAI, Maharashtra	India
S1-695566958	S3-658465955	Source 3	Foot & Ankle Express Care Associates	5742 Wayne Memorial Drive, Pikeville, NC	US	Footankleexpress.Com	North Carolina, 5742 Wayne Memorial Dr, Pikeville	US
S1-939215291	S3-788944164	Source 3	Calhoun & Piccolo LLC	4604 Charleston Street, Broken Arrow, OK	US	Soliri	4604 Charelston St, Broken Arrow, Oklahoma	US
S1-171124248	S3-237463750	Source 3	Classic Infrastructure Collective Inc	4710 Waterloo Drive, Fl 1, Columbia, MO	US	>> classicinfrastructurecollective.com	4710a Waterloo Drive, Floor 1, Columbia, Missouri	US
S1-840961764	S2-308741469	Source 2	Behavioral Health Clinic Inc.	UT, Highland, 5534 10480	US	Belonylayuma	5534 10480, AMERICAN FORK, UT	US
S1-353994754	S3-657086920	Source 3	Uday Infra Private Limited	G-10, G.F. Aggarwal Bhawan, 35-36, Nehru Place, New Delhi, South Delhi, Delhi	India	Rizaciralyra née Uday Infra Private Limited	South Delhi, G-10, Delhi, G.F. Aggarwal Bhawan, 35-36, Nehru Place, New Delhi	India
S1-865509540	S3-839768578	Source 3	Murray & Lunsford Systems Inc	NY, Brookhaven, 24 Saint George Drive	US	Zetavantage formerly known as Murray & Lunsford Systems Inc	24 Saint George Drive, Brookhaven, NY	US
S1-206569853	S2-246893714	Source 2	Dream Investment Private Limited	275 Katghar, Allahabad, Uttar Pradesh	India	ड्रीम इन्वेस्टमेंट प्राइवेट लिमिटेड	75 KAAGHAR, ALLAHABAD, Uttar Pradesh	India
S1-206569853	S2-298174647	Source 2	Dream Investment Private Limited	275 Katghar, Allahabad, Uttar Pradesh	India	Dr dreaminvestment.com #69815	DOOR NO 75 KATGHAR, ALLAHABAD, Uttar Pradesh	India
S1-73544343	S2-217009442	Source 2	Indo Infrastructure Private Limited	294, D Ward, Shukrawar Peth, Kolhapur, Maharashtra	India	इंडो इंफ्रास्ट्रक्चर प्राइवेट लिमिटेड	Maharashtra, 294, KOLHAPUR	India
S1-297991452	S2-94455164	Source 2	Sky Infotech Limited	3, First Street, Kurinji Nagar, Tambaram, Kanchipuram, Tamil Nadu	India	ஸ்கை இன்ஃபோடெக் லிமிடெட்	NO. 265. 3, TAMBARAM, KANCHIPURAM, Tamil Nadu	India
S1-456900390	S3-337696255	Source 3	Urgent Care Gulf Partners LLC	Winterset, 824 4th Avenue, IA	US	urgentcaregu1f.com	824-A Fourth Ave, Lincoln, Iowa	US
S1-449777693	S3-852550870	Source 3	YE Systems Private Limited	301, Sukh Sheetal Apartment-I 16/1, South Tukoganj, Indore, Madhya Pradesh	India	YE 5ystems Private Limited Limited	Madhyapradesh, MP, 301, Sukh Sheetal Apartment-i 16/1, South Tukoganj, Indore	India
S1-523632949	S2-658153348	Source 2	Amrut Group of Companies Ltd	Madhya Pradesh, Indore, 226 - Tanki Chowk Bijalpur, Indore	India	ACOMPANIES.COM	22 - TANKI CHOWK BIJALPUR, INDORE, Madhya Pradesh	India
S1-523632949	S3-465784216	Source 3	Amrut Group of Companies Ltd	Madhya Pradesh, Indore, 226 - Tanki Chowk Bijalpur, Indore	India	ámrutcompanies.com	Indore, ##226 - Tanki Chowk Bijalpur, MP	India
S1-370447359	S2-365692796	Source 2	Galaxy Exports Private Limited	A-305, Tower A, Sector-86, Adore Happy Homes, Faridabad, Haryana	India	गैलेक्सी एक्सपोर्ट्स प्राइवेट लिमिटेड	FARIDABAD, हरियाणा, A-B3/305, FARIDABAD	India
S1-480754757	S2-667921032	Source 2	East Consulting Private Limited	66 Salkia School Rdsalkia P S Golabari, Howrah, West Bengal	India	ইস্ট কনসাল্টিং প্রাইভেট লিমিটেড	#64 STLKIA SCHOOL RDSALKIA P S GOLABARI, HOWRAH, West Bengal	India
S1-749766134	S3-329070717	Source 3	Aditya It Private Limited	84/1, Jelia Para Lane P. S. Golabari, Howrah, West Bengal	India	আদিত্য আইটি প্রাইভেট লিমিটেড	6-84/1, Howrah, WB	India
S1-749766134	S2-163878429	Source 2	Aditya It Private Limited	84/1, Jelia Para Lane P. S. Golabari, Howrah, West Bengal	India	আদিত্য আইটি প্রাইভেট লিমিটেড	84/1, HOWRAH, null, West Bengal	India
S1-523391648	S2-109779486	Source 2	Delta Center	1519 Woody Road, Pearland, TX	US	Delta Center Commission	1519A WOODY RD, PEARLAND, TX	US
S1-517755890	S2-114696300	Source 2	City Ace Producer Pvt Ltd	Mumbai, Strand Cinema Bldg., 1St Floor, C.S. No. 506 Arthur Bunder Road, Colaba, Mumbai City, Maharashtra	India	सिटी एस प्रोड्यूसर प्रा. लि.	STRAND CINEMA BLDG., 1ST FLOOR, C.S. NO. 506 ARTHUR BUNDER ROAD, COLABA, MUMBAI (SUBURBAN), MUMBAI CITY, Maharashtra	India
S1-517755890	S3-904410462	Source 3	City Ace Producer Pvt Ltd	Mumbai, Strand Cinema Bldg., 1St Floor, C.S. No. 506 Arthur Bunder Road, Colaba, Mumbai City, Maharashtra	India	Drexzeta DBA City Ace Producer Pvt Ltd	Strand Cinema Bldg., 1St Floor, C.S. No. 506 Arthur Bunder Road, Colaba, Mumbai, Mumbai City, Maharashtra	India
S1-246638277	S3-46315974	Source 3	Pioneer Technology Private Limited	4/608, Voc Street, Omr Road, Nehru Nagar, Kottivakkam, Chennai City Corporation, Chennai, Tamil Nadu	India	@pioneertechnology	B3/4/608, Chennai City Corporation, Chennai, TN	India
S1-125687146	S3-958282983	Source 3	Lotus Developers Pvt Ltd	2Nd Floor, Thirugnana Sambandar Street, Ram Nagar North, Madipakkam, Saidapet, Plot No.42, Tamil Nadu, Kanchipuram	India	லோட்டஸ் டெவலப்பர்ஸ் பிரைவேட் லிமிடெட்	#42, Saidapet, Kanchipuram, TN	India
S1-125687146	S3-432172629	Source 3	Lotus Developers Pvt Ltd	2Nd Floor, Thirugnana Sambandar Street, Ram Nagar North, Madipakkam, Saidapet, Plot No.42, Tamil Nadu, Kanchipuram	India	Lotus Developefres Pvt  Ltd	Door No 42, Saidapet, Kanchipuram, TN	India
S1-125687146	S2-320293896	Source 2	Lotus Developers Pvt Ltd	2Nd Floor, Thirugnana Sambandar Street, Ram Nagar North, Madipakkam, Saidapet, Plot No.42, Tamil Nadu, Kanchipuram	India	லோட்டஸ் டெவலப்பர்ஸ் பிரைவேட் லிமிடெட்	#42, KANCHIPURAM, SAIDAPET, தமிழ்நாடு	India
S1-904923867	S3-894098792	Source 3	Parasnath Trust Ltd	Room No.10, C Wing, Tej Mahal Umeda, Umed Ashram, S.V.Road, Borivali (West), Behind Police, Station, Mumbai, Maharashtra	India	Parasnathtrust.Com	Room No.10, Station, Borivali West, महाराष्ट्र	India
S1-730428166	S3-710611862	Source 3	Best Infotech LLP	Gr Floor, Shop-G/7, S.N.S Interio, Near Cng Gas Station, Althan Road, Bhatar Char Rasta, Althan, Surat, Gujarat	India	બેસ્ટ ઇન્ફોટેક એલએલપી	ગુજરાત, Surat, Gr Floor	India
S1-730428166	S3-300514980	Source 3	Best Infotech LLP	Gr Floor, Shop-G/7, S.N.S Interio, Near Cng Gas Station, Althan Road, Bhatar Char Rasta, Althan, Surat, Gujarat	India	Solnexzeta	Gr Floor, Surat, GJ	India
S1-908945602	S3-336537327	Source 3	Jones Finance Inc.	821 Vogt Lane, Unit Apartment 12, City Of Chilton, WI	US	Fayenylaevo dba Jones Finance Inc.	Unit Apartment 12, WI, City Of Chilton, 821 Vogt Lane	US
S1-908945602	S3-185550632	Source 3	Jones Finance Inc.	821 Vogt Lane, Unit Apartment 12, City Of Chilton, WI	US	jonesfinance.com	Vogt Ln, # Apartment 12, Chlton, Wisconsin	US
S1-474893789	S2-454707668	Source 2	Sunrise My Estate Private Limited	Unit A-415, Tower A Bestech Business Tower, Sector 66, Mohal, I, Mohali, Punjab	India	ਸਨਰਾਈਜ਼ ਮਾਈ ਇਸਟੇਟ ਪ੍ਰਾਈਵੇਟ ਲਿਮਟਿਡ	UNT A-415, TOWER A BESTECH BUSINESS TOWER, SECTOR 66, MOHAL, I, MOHALI, Punjab	India
S1-665957316	S2-231611785	Source 2	Indo Solutions Pvt Ltd	G-148, Kalkaji, New Delhi, South Delhi, Delhi	India	Nylafaye	G-248, NEW DELHI, SOUTH DELHI, Delhi	India
S1-582613007	S3-774981419	Source 3	Food Nursing Home	Survey No. 477 & 489, No. 99, Papparambakkam Village, Thiruvallur, Tamil Nadu	India	Umbrazeta Sys	Tamil Nadu, No. 99, Thiruvallur, Papparambakkam Village, Survey No. 477 & 489	India
S1-265413641	S3-136002655	Source 3	Aarvendra Amusement Co	Bangalore, 54, Bangalore-2., Karnataka, Khader Sheriff Gardens	India	Yumasynjax	54, Khader Sheriff Gardens, Bangalore-2., Bangalore, Karnataka	India
S1-5295461	S2-784640513	Source 2	Garay and Jones Corp	901 Howard Street, Shelbyville, IN	US	Fayebrix	SHELBYVILLE, 901 HOWARD ST, IN	US
S1-539762538	S3-156071169	Source 3	Tranquility Electromechanical LLP	Delhi, N-10, Ground Floor, Vishnu Garden, West Delhi, Shop No.3, New Delhi	India	Tranquilityelectromechanical.Com	Bodela, N-10, Ground Floor, Vishnu Garden, New Delhi, No 3/7, DL	India
S1-539762538	S2-297783049	Source 2	Tranquility Electromechanical LLP	Delhi, N-10, Ground Floor, Vishnu Garden, West Delhi, Shop No.3, New Delhi	India	Center Tranquility LLP	3, N-10, GROUND FLOOR, VISHNU GARDEN, NEW DELHI, WEST DELHI, दिल्ली	India
S1-539762538	S2-230214346	Source 2	Tranquility Electromechanical LLP	Delhi, N-10, Ground Floor, Vishnu Garden, West Delhi, Shop No.3, New Delhi	India	Tranquility LLP Center		India
S1-296523023	S3-742290560	Source 3	Lonet Intercontinental	192 Indian Mound Circle, Unit APT 1, Jacksboro, TN	US	Lonet Íntercontinental	Tennessee, Unit APT 1, 0192 Indian Mound Cir, Jacksboro	US
S1-278523742	S2-128469755	Source 2	Cherry & Co Co	202, Gurukrupa Apartments, Paryawaran Nagar, Somalwada Square, Wardha Road, Nagpur, Maharashtra	India	Crery & Co Co	202, WARDHA ROAD, NAGPUR, महाराष्ट्र	India
S1-35316102	S2-787034529	Source 2	Macken Holding Company	2621 Preston Street, Baltimore, MD	US	MACKENHOLDING.COM	MD, BALTIMORE, 2621 PRESTON STREET	US
S1-743565110	S2-843414885	Source 2	Voth Investments LP	W9586 Richards Road, Town Of Arlington, WI	US	Fluxzetanovi	WI, TOWN OF ARLINGTON, W9586-A RICHARDS RD	US
S1-760850538	S2-643522922	Source 2	Unified Logistics Union Co	658 Boulevard, Dover, OH	US	UNIFIEDLOGISTICSUNION.COM	BOULEVARD, DOVER, OH	US
S1-773460033	S3-696806165	Source 3	Upper Polestar PC	Fort Mill, SC, 255 Sedgewick Drive	US	Upper Polebtar PC	#255 Sedgewick Drive, Fort Mill, South Carolina	US
S1-773460033	S2-114071018	Source 2	Upper Polestar PC	Fort Mill, SC, 255 Sedgewick Drive	US	Upper Pnolstar PC	FT MILL, 255 SEDGEWICK DR, SC	US
S1-726451355	S2-581983637	Source 2	2691 Fourth Street Holdings	511 Angus Street, Independence, MO	US	2691fourth.com	MO, IDNEPENDENCE, 511 ANGUS ST	US
S1-182724633	S2-356641841	Source 2	Gayla's Printing	1120 High Street, Unit STE A, Brandenburg, KY	US	Gayla's Prínting		US
S1-565043932	S3-257030906	Source 3	Clinton Dental Associates Inc	1728 865, Clinton, UT	US	Ariaevoveo	1728 865, Clearfield, Utah	US
S1-426267364	S2-380593256	Source 2	Prime Projects Private Limited	S/O M Vasanthan, No.10 West Karikalan Street, Adambakkam, Chennai, Tamil Nadu	India	பிரைம் புராஜெக்ட்ஸ் பிரைவேட் லிமிடெட்	S/O M VASANTHAN, KANCHEEPURAM, தமிழ்நாடு	India
S1-861032717	S3-549678242	Source 3	J/U Earths LLC	11304 Templeton Drive, Cincinnati, OH	US	J/U LLC Center		US
S1-36713743	S2-816411639	Source 2	Regional Ministries	Oologah, OK, 13153 Ranch Acres Street	US	REGIONAL MÍNISTRIES		US
S1-117189625	S2-309905398	Source 2	New Food Private Limited	Flat No.201, T-163 Second Floor, Uttam Nagar, Delhi, West Delhi, Delhi	India	NEWFOOD.COM	H.NO 8-201 , T-163 SECOND FLOOR, UTTAM NAGAR, DELHI, दिल्ली	India
S1-117189625	S2-716171226	Source 2	New Food Private Limited	Flat No.201, T-163 Second Floor, Uttam Nagar, Delhi, West Delhi, Delhi	India	न्यू फूड प्राइवेट लिमिटेड	NO 8-201, SOUTH EAST DELHI, WEST DELHI, Delhi	India
S1-358797130	S2-679070237	Source 2	Ss International Consultancy Private Limited	A-201/202, Devashish Resi, A/Gandevi Road, Jamalpore, Navsari, Gujarat	India	એસએસ ઇન્ટરનેશનલ કન્સલ્ટન્સી પ્રાઇવેટ લિમિટેડ	A-201/202, NAVSARI, ગુજરાત	India
S1-358797130	S2-464216112	Source 2	Ss International Consultancy Private Limited	A-201/202, Devashish Resi, A/Gandevi Road, Jamalpore, Navsari, Gujarat	India	એસએસ ઇન્ટરનેશનલ કન્સલ્ટન્સી પ્રાઇવેટ લિમિટેડ	A-201/202, NAVSARI, ગુજરાત	India
S1-358797130	S3-668811306	Source 3	Ss International Consultancy Private Limited	A-201/202, Devashish Resi, A/Gandevi Road, Jamalpore, Navsari, Gujarat	India	એસએસ ઇન્ટરનેશનલ કન્સલ્ટન્સી પ્રાઇવેટ લિમિટેડ	GJ, Navsari, A-202/202	India
S1-643557877	S3-48817380	Source 3	Zee Developers	196-D, Nicholson Road Tarbund, Secunderabad, Hyderabad, Telangana	India	Zee  Devel0pers	#196-D, Hyderabad Urban, Hyderabad, TG	India
S1-643557877	S3-682617971	Source 3	Zee Developers	196-D, Nicholson Road Tarbund, Secunderabad, Hyderabad, Telangana	India	Zee Devlncoflers	#196-D, Hyderabad Urban, Hyderabad, TG	India
S1-77028595	S3-953770902	Source 3	Shiv Energy Private Limited	313/12/1, 2Nd Floor, Above Icici Bank Khun Khun Ji Road, Near Munnu Lal Dharmsh, Ala, Chowk, Lucknow, Uttar Pradesh	India	M/s Fluxonyx	313/12/1, Lucknow, UP	India
S1-718006993	S2-782244770	Source 2	Chand Vision	30-2-12/1 Burra Varii Street, Kakinada, East Godavari, Andhra Pradesh	India	M/s CVISION.COM	EAST GODAVARI, Andhra Pradesh, KAKINADA, 30-2-12/1  BURRA VARII STREET	India
S1-73913318	S2-41327198	Source 2	Hinton Aviation LLC	1135 8th Street, Salem, OR	US	@hintonaviation (ID: 3806)	1135 EIGHTH STREET, SALEM, OR	US
S1-73913318	S3-788551571	Source 3	Hinton Aviation LLC	1135 8th Street, Salem, OR	US	Hinton LLC [Partners]	1135 Eighth Street, Salem, Oregon	US
S1-414990330	S2-866619534	Source 2	QN Block Inc	5740 59th Avenue, Unit 1121, Glendale, AZ	US	QN INC  CENTER	5740 59ND AVENUE, GLENDALE, AZ	US
S1-414990330	S2-560582087	Source 2	QN Block Inc	5740 59th Avenue, Unit 1121, Glendale, AZ	US	QN BLOCK INC | www.qnblocki.com	5740 59nd Avenue, AZ, GLENDALE	US
S1-414990330	S3-618799117	Source 3	QN Block Inc	5740 59th Avenue, Unit 1121, Glendale, AZ	US	QN Bmaeck Inc	Unit 1121, Arizona, Glendale, 574 59th Ave	US
S1-837698046	S2-125730783	Source 2	Jbs Entertainment Co	East Delhi, Delhi, 3393, Delhi, Ram Nagar Extention Shahdara	India	Jbs Enfertainbent Co	03393, RAM NAGAR EXTENTION SHAHDARA, DELHI, Delhi	India
S1-837698046	S3-189979293	Source 3	Jbs Entertainment Co	East Delhi, Delhi, 3393, Delhi, Ram Nagar Extention Shahdara	India	Center Jbs Co	Ram Nagar Extention Shahdara, Delhi, 3393, North East Delhi, DL	India
S1-837698046	S3-211696101	Source 3	Jbs Entertainment Co	East Delhi, Delhi, 3393, Delhi, Ram Nagar Extention Shahdara	India	jbsentertainment.com	3393, Ram Nagar Extention Shahdara, Delhi, North East Delhi, DL	India
S1-635498924	S2-380394346	Source 2	Baba Properties Private Limited	Gaya, C/O - Mr. Ram Lakhan Parsad H No. 110, Bihar, Gaya, Khukhadi Nimchak Bathani	India	बाबा प्रॉपर्टीज प्राइवेट लिमिटेड	C/O - MR. RAM LAKHAN PARSAD H NO. 110, KHUKHADI NIMCHAK BATHANI, GAYA, Bihar	India
S1-635498924	S3-312005286	Source 3	Baba Properties Private Limited	Gaya, C/O - Mr. Ram Lakhan Parsad H No. 110, Bihar, Gaya, Khukhadi Nimchak Bathani	India	Baba Private Limited Partners	C/o - Mr. Ram Lakhan Parsad H No. 110, Gaya, BR	India
S1-635498924	S2-299790237	Source 2	Baba Properties Private Limited	Gaya, C/O - Mr. Ram Lakhan Parsad H No. 110, Bihar, Gaya, Khukhadi Nimchak Bathani	India	बाबा प्रॉपर्टीज प्राइवेट लिमिटेड	C/O - MR. RAM LAKHAN PARSAD H NO. 110, GAYA, Bihar	India
S1-614289236	S2-675839135	Source 2	A Reliable Platforms LLC	20788 Aquadale Road, Albemarle, NC	US	Veopyraquo	ALBEMARLE, NC, 20788 AQUADALE ROAD	US
S1-798239792	S3-120681410	Source 3	Quality Biomedical Global PLLC	23320 122, Melvin, KY	US	qualitybiomedicalglobal.com	2332 122, Melvin, Kentucky	US
S1-580970774	S2-996500653	Source 2	Back Alley Ice Cream! LLC	Atlanta, 1040 Stovall Boulevard, GA	US	backalleyice.com	1040B Stovall Blvd, ALANTA, GA	US
S1-511120022	S3-219444701	Source 3	Creative Constructions Private Limited	Telangana, Secunderabad, 6-4-36/6/9 Bholakpur, Hyderabad, C/O T Rajalingam	India	క్రియేటివ్ కన్‌స్ట్రక్షన్స్ ప్రైవేట్ లిమిటెడ్	Hn D/597 C/o T Rajalingam, 6-4-36/6/9 Bholakpur, Secunderabad, Hyderabad, తెలంగాణ	India
S1-511120022	S3-903990403	Source 3	Creative Constructions Private Limited	Telangana, Secunderabad, 6-4-36/6/9 Bholakpur, Hyderabad, C/O T Rajalingam	India	Creative C0nstructions Pamivte Limited #23202	తెలంగాణ, Secunderabad, 6-4-36/6/9 Bholakpur, Hyderabad, Hn D/597 C/o T Rajalingam	India
S1-511120022	S2-931695512	Source 2	Creative Constructions Private Limited	Telangana, Secunderabad, 6-4-36/6/9 Bholakpur, Hyderabad, C/O T Rajalingam	India	క్రియేటివ్ కన్‌స్ట్రక్షన్స్ ప్రైవేట్ లిమిటెడ్	6-4-36/6/9 BHOLAKPUR, SECUNDERABAD, Telangana, HYDERABAD, C/O T RAJALINGAM	India
S1-511120022	S2-527791698	Source 2	Creative Constructions Private Limited	Telangana, Secunderabad, 6-4-36/6/9 Bholakpur, Hyderabad, C/O T Rajalingam	India	క్రియేటివ్ కన్‌స్ట్రక్షన్స్ ప్రైవేట్ లిమిటెడ్	C/O T RAJAILNGAM, 6-4-36/6/9 BHOLAKPUR, SECUNDERABAD, HYDERABAD, Telangana	India
S1-231660566	S3-599839769	Source 3	Diversified Hospitality Works	Bessemer City, NC, 215 Ohio Avenue	US	worksdiversifiedhospitality.com	215 Ohio Ave, PMB 2409, Bessemer City, North Carolina	US
S1-295400413	S2-986420375	Source 2	White Ventures Private Limited	Flat No. 201, Ongole, Andhra Pradesh, 3Rd Floor, Sai Nilayam Apartments Opposite Pavitra Junior College, Lawyer, Pet Extn., Prakasam	India	వైట్ వెంచర్స్ ప్రైవేట్ లిమిటెడ్	201, 3RD FLOOR, SAI NILAYAM APARTMENTS OPPOSITE PAVITRA JUNIOR COLLEGE, LAWYER, PET EXTN., ONGOLE, PRAKASAM, Andhra Pradesh	India
S1-99545264	S3-758264499	Source 3	Digital Infra Limited	No 3/A, 3Rd Cross, Adityanagar, 1St Stg, Chick Beettahalli, Vidyaranyapura, Bangalore, Karnataka	India	ಡಿಜಿಟಲ್ ಇನ್‌ಫ್ರಾ ಲಿಮಿಟೆಡ್	No 4/A, Bangalore, KA	India
S1-270152595	S3-931890196	Source 3	Ellard, Williams & Moore Storage Inc.	New Market, 10739 Lake Edge Court, MD	US	williamsellard.com	10739 Lake Edge Court, New Market, Maryland	US
S1-351961485	S2-86133459	Source 2	White Infrastructure Pvt Ltd	Office-No-207, Marathon Monte Plaza, Madan Mohan Mamumbai, Mumbai, Mumbai City, Maharashtra	India	व्हाइट इंफ्रास्ट्रक्चर प्रा. लि.	OFFICE-NO207, MUMBAI, MUMBAI CITY, Maharashtra	India
S1-351961485	S3-22610069	Source 3	White Infrastructure Pvt Ltd	Office-No-207, Marathon Monte Plaza, Madan Mohan Mamumbai, Mumbai, Mumbai City, Maharashtra	India	Arianovi	Ofifce-no-20, Mumbai, Bhandup, MH	India
S1-502145428	S3-982507124	Source 3	YD Ramaco LLP	1450 Germann Road, Unit 3126, Chandler, AZ	US	YD Rámaco LLP	Chandler, 1450 Germann Road, Arizona	US
S1-960007747	S2-494862771	Source 2	Supreme Constructions	C-39, Sector-58, Noida, Gautam Buddha Nagar, Uttar Pradesh	India	सुप्रीम कंस्ट्रक्शंस	Uttar Pradesh, C-4-39, GAUTAM BUDDHA NAGAR, SECTOR-58, NOIDA	India
S1-960007747	S2-411338412	Source 2	Supreme Constructions	C-39, Sector-58, Noida, Gautam Buddha Nagar, Uttar Pradesh	India	súpremeconstructions.com	C-4-39, SECTOR-58, NOIDA, Uttar Pradesh	India
S1-960007747	S3-963209449	Source 3	Supreme Constructions	C-39, Sector-58, Noida, Gautam Buddha Nagar, Uttar Pradesh	India	Supreme कंस्ट्रक्शंस	C-39, Sector-58, Gautam Buddha Nagar, Noida, उत्तर प्रदेश	India
S1-993609628	S2-543100500	Source 2	D/U Brc LLC	Washington, Unit 2308, 3199 8th Street, DC	US	dubrc.com	3199  8nd Street, WASHINGTON, DC	US
S1-993609628	S3-106162052	Source 3	D/U Brc LLC	Washington, Unit 2308, 3199 8th Street, DC	US	Drexwex DBA D/U Brc LLC	3199 8th Street, Unit 2308, Washington, DC	US
S1-557536631	S2-790788043	Source 2	National Intelligence Works Inc	Woodbridge, 117 Ansonia Road, CT	US	NIWORKS.COM	117 ANSONIA RD, WOODBRIDGE, CT	US
S1-62013228	S2-362803451	Source 2	Swastik Southern Power Private Limited	C/O Banwari Lal, Near Hp Petrol Pump, Sirsa, Haryana	India	स्वस्तिक सदर्न पावर प्राइवेट लिमिटेड	हरियाणा, C/O BANWARI LAL, SIRSA	India
S1-631761609	S2-890113107	Source 2	Alpha Marketing Private Limited	Plot.I N Kh.No.78 Min, 1St/F, Kapashera Near Deepan Hospital, New Delhi, South West Delhi, Delhi	India	अल्फा मार्केटिंग प्राइवेट लिमिटेड	PLO.I N KH.NO.5-78 MIN, NEW DELHI, SOUTH WEST DELHI, Delhi	India
S1-263740039	S3-917801371	Source 3	One Ss Agro LLP	D-16, Sushant Lok-2, Near Sushant Tower, Gurgaon, Haryana	India	वन एसएस एग्रो एलएलपी	Gurgaon, D-16, Sushant Lok-2, Near Sushant Tower, हरियाणा	India
S1-810248831	S3-71331662	Source 3	Cat Vision Private Limited	Park View, 30/19 Attapara Lane 3Rd Floor, Flat No-8, Kolkata, Howrah, West Bengal	India	Cat Private Visi0n Limited	30/19 Attapara Lane 3Rd Floor, Flat No-8, Park View, Howrah, পশ্চিমবঙ্গ, Kolkata	India
S1-716988964	S3-600336989	Source 3	3160 Fifth Blvd Partners	119 Railroad Avenue, DE, Harrington	US	#3160fifth	Delaware, Harrington, 119 Railroad Avenue	US
S1-946885324	S2-301515756	Source 2	Travel & Co	Flat 207, Rudra Santushti, Maqbool Alam Road, Chauka, Varanasi, Uttar Pradesh	India	Shri Triel & Co	FLAT 8-207, VARANASI, Uttar Pradesh	India
S1-946885324	S2-308803171	Source 2	Travel & Co	Flat 207, Rudra Santushti, Maqbool Alam Road, Chauka, Varanasi, Uttar Pradesh	India	ECTOZETA	FLAT 8-207, VARANASI, उत्तर प्रदेश	India
S1-665879349	S2-745485358	Source 2	The Dent Diner	6510 Cortez Street, Glendale, AZ	US	THE  DENT DINRN	GLENDALE, 6510 CORTEZ STREET, AZ	US
S1-108799197	S2-210975279	Source 2	Solutions Longlife Technologiesprivate Private Limited	No.1, 5Th Main Road, Kasturiba Nagar, Adyar, Chennai-20., Adyar, Chennai-20., Chennai, Tamil Nadu	India	Solutions Longlife Private Limited Services	தமிழ்நாடு, NO.#1 , 5TH MAIN ROAD, KASTURIBA NAGAR, ADYAR, CHENNAI-20., ADYAR, CHENNAI-20.	India
S1-266346840	S2-808107052	Source 2	Experia Creation Pvt Ltd	Karnataka, Plot No. 59, Sy No. 16 And 95, Kiadb Industrial Area, 2Nd Phase, Malur, Malur, Kolar	India	Experia Pvt Ltd (Center)	NO 59 , SY NO. 16 AND 95, KIADB INDUSTRIAL AREA, 2ND PHASE, MALUR, MALUR, ಕರ್ನಾಟಕ	India
S1-635434077	S3-110582138	Source 3	Meta Builders Private Limited	West Bengal, C/O. Great Eagreat Eastern Trading Co 20, Old Court House Street, Howrah, Kolkata	India	Meta Bui1ders Private	C/o. Great Eagreat Eastern Trading Co 20, Kolkata, Howrah, পশ্চিমবঙ্গ	India
S1-115674524	S2-396810360	Source 2	Indian Enterprises LLP	Ground Floor, Mumbai, Mumbai City, Winchester Building, Off High Street Hiranandani Business Park, Powai, Maharashtra	India	Indian (Énterprises)	GROUND FLOOR, WINCHESTER BUILDING, OFF HIGH STREET HIRANANDANI BUSINESS PARK, POWAI, MUMBAI, महाराष्ट्र	India
S1-115674524	S3-438195934	Source 3	Indian Enterprises LLP	Ground Floor, Mumbai, Mumbai City, Winchester Building, Off High Street Hiranandani Business Park, Powai, Maharashtra	India	इंडियन एंटरप्राइजेज एलएलपी	Ground Floor, Winchester Building, Off High Street Hiranandani Business Park, Powai, Mumbai, null, MH	India
S1-889698574	S3-404786118	Source 3	O 4 E Coinshares LLC	Lakeland, 10010 Woodland Grove Drive, TN	US	O 4 E Coinsfhaers LLC	10010 Woodland Grove Drive, Lakeland, Tennessee	US
S1-202630717	S3-793706026	Source 3	True Electronics Pvt Ltd	Mazda Villa, 2Nd Floor, Krishna Sanghi Path, Gamdevi, Mumbai, Mumbai City, Maharashtra	India	True Pvt Ltd Center	महाराष्ट्र, Mumbai, Mazda Villa, Barnala, 2Nd Floor, Krishna Sanghi Path, Gamdevi	India
S1-697052512	S3-105206286	Source 3	Convex Ventures Private Limited	C-601, Anand Sapphire, Opp. Vishvas City-7, Nr. Vishvas City-6, Gota, Ahmadabad City, Ahmedabad, Gujarat	India	convexventures.com	C-601, Ahmadabad City, Ahmedabad, ગુજરાત	India
S1-697052512	S3-486135417	Source 3	Convex Ventures Private Limited	C-601, Anand Sapphire, Opp. Vishvas City-7, Nr. Vishvas City-6, Gota, Ahmadabad City, Ahmedabad, Gujarat	India	Convex Vetnurns Private Limited	C-601, Ahmadabad City, Ahmedabad, GJ	India
S1-216460485	S3-772219167	Source 3	JH Knit Private Limited	Delhi, Bank Enclave, Delhi, 3	India	Pciviate JH Knit Limited	3, Bank Enclave, Delhi, DL	India
S1-184105088	S3-25657097	Source 3	Corley Computing	8277 1800th Avenue, Jewett, IL	US	corleycomputing.com	8438 1/2 1800st Ave, Jewett, Illinois	US
S1-706510565	S3-290090802	Source 3	Sankalpa Ventures Private Limited	C/O Roy, Christy Bhavan, Saint Thomas Vayanasala, Chirayinkeezhu, Thiruvananthapuram, Trivandrum, Kerala	India	Dovariza	C/o Roy, Thiruvananthapuram, Trivandrum, കേരളം	India
S1-941937998	S2-717195461	Source 2	Dynamic Business Private Limited	Delhi, East Delhi, 1St/ Flr, Bhagwati Business Centre School Blk. Shakarpur, 122	India	डायनामिक बिजनेस प्राइवेट लिमिटेड	122, 1ST/ FLR, BHAGWATI BUSINESS CENTRE SCHOOL BLK. SHAKARPUR, DELHI, EAST DELHI, Delhi	India
S1-941937998	S3-980857952	Source 3	Dynamic Business Private Limited	Delhi, East Delhi, 1St/ Flr, Bhagwati Business Centre School Blk. Shakarpur, 122	India	डायनामिक बिजनेस प्राइवेट लिमिटेड	122, 1St/ Flr, Bhagwati Business Centre School Blk. Shakarpur, Delhi, East Delhi, DL	India
S1-941937998	S2-338928155	Source 2	Dynamic Business Private Limited	Delhi, East Delhi, 1St/ Flr, Bhagwati Business Centre School Blk. Shakarpur, 122	India	डायनामिक बिजनेस प्राइवेट लिमिटेड	1ST/ FLR, BHAGWATI BUSINESS CENTRE SCHOOL BLK. SHAKARPUR, EAST DELHI, Delhi, 122, DELHI	India
S1-941937998	S2-710058941	Source 2	Dynamic Business Private Limited	Delhi, East Delhi, 1St/ Flr, Bhagwati Business Centre School Blk. Shakarpur, 122	India	Dr dynamicbusiness.com	122, 1ST/ FLR, BHAGWATI BUSNIESS CENTRE SCHOOL BLK. SHAKARPUR, DELHI, Delhi	India
S1-941937998	S2-517487515	Source 2	Dynamic Business Private Limited	Delhi, East Delhi, 1St/ Flr, Bhagwati Business Centre School Blk. Shakarpur, 122	India	डायनामिक Business Private Limited	122, 1ST/ FLR, BHAGWATI BUSINESS CENTRE SCHOOL BLK. SHAKARPUR, DELHI, EAST DELHI, Delhi	India
S1-367418995	S3-190289866	Source 3	Lnp Infracon Ltd	Flat No. 501, Maruti Residency Street No.15, Himayatnagar, Hyderabad, Telangana	India	Lnp Infrac0n	H.no B3/501, Hyderabad, Andhra Pradesh	India
S1-858430922	S3-309704084	Source 3	White Pipeline of Park Ridge Group	IL, Park Ridge, 110 Home Avenue	US	whitepipelinepark.com	110 Home Ave, Park Ridge, Illinois	US
S1-510885178	S3-592556611	Source 3	Good Hospitality	261/A-11, Satara, Maharashtra, Koregaon, Satara	India	Good Hositality	261/A-11, Koregaon, Satara, MH	India
S1-510885178	S3-359111096	Source 3	Good Hospitality	261/A-11, Satara, Maharashtra, Koregaon, Satara	India	गुड हॉस्पिटैलिटी	261/A-11, Koregaon, Satara, MH	India
S1-510885178	S2-389357493	Source 2	Good Hospitality	261/A-11, Satara, Maharashtra, Koregaon, Satara	India	गुड हॉस्पिटैलिटी	261/A-11, KOREGAON, SATARA, महाराष्ट्र	India
S1-22530245	S3-645164323	Source 3	EQ Tech Center	Tower 16, Plot No-Gh-01, Paras Tierea Sector 137, Uttar Pradesh, Noida, Gautam Buddha Nagar, 2005	India	eqtechcenter.com	2005, Noida, Gautam Buddha Nagar, UP	India
S1-444098192	S2-30575255	Source 2	Optimal Wholesale Corporation	Johnsburg, IL, 2513 Sweetwater Lane	US	Optimal Whmlerale Corporation	2513  SWEETWATER LN, JOHNSBURG, IL	US
S1-48806549	S3-942771404	Source 3	Davaum Capital LLC	Rootstown, OH, 4521 Hattrick Road	US	Davaum Capita1	4523 Hattrick Road, Rootstown Twp, Ohio	US
S1-48806549	S2-657158866	Source 2	Davaum Capital LLC	Rootstown, OH, 4521 Hattrick Road	US	Davaum Caaphal LLC	4521 1/2 HATTRICK RD, ROOTSOTWN, OH	US
S1-48806549	S2-64186888	Source 2	Davaum Capital LLC	Rootstown, OH, 4521 Hattrick Road	US	Davaum Cápital LLC	4521 1/2 HATTRICK ROAD, ROOTSTOWN, OH	US
S1-625184406	S2-250562706	Source 2	Body Marketing Private Limited	Flat No 2, Basundhara App, Gr-02, Jagacha Gip Colony, Bally Jagachha, Howrah, West Bengal	India	bmprivate.com | www.bmprivate.com	8, HOWRAH, পশ্চিমবঙ্গ	India
S1-707471734	S3-259531581	Source 3	Eastern It Private Limited	32, Aziz Mulk I Street, Thousand Lights, Chennai, Tamil Nadu	India	ஈஸ்டர்ன் ஐடி பிரைவேட் லிமிடெட்	##32, Chennai, தமிழ்நாடு	India
S1-707471734	S3-770182722	Source 3	Eastern It Private Limited	32, Aziz Mulk I Street, Thousand Lights, Chennai, Tamil Nadu	India	ஈஸ்டர்ன் ஐடி பிரைவேட் லிமிடெட்	##32, Chennai, தமிழ்நாடு	India
S1-707471734	S3-462894505	Source 3	Eastern It Private Limited	32, Aziz Mulk I Street, Thousand Lights, Chennai, Tamil Nadu	India	ஈஸ்டர்ன் ஐடி பிரைவேட் லிமிடெட்	##32, Chennai, TN	India
S1-500543081	S2-975435053	Source 2	Suryaika Infotech Private Limited	Mumbai, Maharashtra, Mumbai City, 09 Anjaneshwar Soc., Tejpal Sch. Road No. 3 Vile Parle East	India	suryaikainfotech.com	09  ANJANESHWAR SOC., TEJPAL SCH. ROAD NO. 3 VILE PARLE EAST, MUMBAI, Maharashtra	India
S1-508267230	S2-592278532	Source 2	Fortune Engineering Private Limited	No. 21, Mes Road Muthyal Nagar, Bangalore North, Bangalore, Karnataka	India	ಫಾರ್ಚೂನ್ ಇಂಜಿನಿಯರಿಂಗ್ ಪ್ರೈವೇಟ್ ಲಿಮಿಟೆಡ್	NO 21, ಕರ್ನಾಟಕ, BANGALORE, MES ROAD MUTHYAL NAGAR, BANGALORE NORTH	India
S1-508267230	S3-127026895	Source 3	Fortune Engineering Private Limited	No. 21, Mes Road Muthyal Nagar, Bangalore North, Bangalore, Karnataka	India	fortuneengineering.com	#21, Bangalore North, Bangalore, KA	India
S1-774848541	S3-36254598	Source 3	Coastal Center	4914 Cayman Street, Sioux Falls, SD	US	coastalcenter.com	4914 Caman St, Sioux Falls, South Dakota	US
S1-409817554	S2-714242260	Source 2	Super Producer Pvt Ltd	Flat No.401, New Life Building, Opp: T.B .Hospital Sanjeeva Reddy Nagar, Hyderabad, Telangana	India	Super Pvt Ltd Services	D/401 , NEW LIFE BUILDING, OPP: T.B .HOSPITAL SANJEEVA REDDY NAGAR, HYDERABAD, Telangana	India
S1-409817554	S2-606160947	Source 2	Super Producer Pvt Ltd	Flat No.401, New Life Building, Opp: T.B .Hospital Sanjeeva Reddy Nagar, Hyderabad, Telangana	India	సూపర్ ప్రొడ్యూసర్ ప్రైవేట్ లిమిటెడ్	NO D/401, NEW LIFE BUILDING, OPP: T.B .HOSPITAL SANJEEVA REDDY NAGAR, HYDERABAD CITY REGION, HYDERABAD, Telangana	India
S1-747438578	S3-217729413	Source 3	Mann Partners, Inc	UT, Draper City (sl Co), 1754 Lone Oak Drive	US	Tavojax	PMB 8202, Utah, Draper City (Sl Co), 1754 Lone Oak Drive	US
S1-747438578	S2-227868470	Source 2	Mann Partners, Inc	UT, Draper City (sl Co), 1754 Lone Oak Drive	US	MANNPARTNERS.COM	1754 LONE OAK DRIVE, DRAPER CITY (SL CO), UT	US
S1-901444621	S3-262477760	Source 3	Ace Dynamic Molecular L.L.C.	2161 Dusty Lane, Tucson, AZ	US	acedynamicmolecular.com	Tucson, #2161 Dusty Lane, Arizona, N/A	US
S1-578433980	S3-869648587	Source 3	UB Tobacco Private Limited	Fl-112, Vinaydeep Appartme, Unit-Ii, Bhubaneswar, Khordha, Orissa	India	ubtobacco.com	Fl-112, Bhubaneswar, Khordha, ଓଡ଼ିଶା	India
S1-422217931	S2-704489936	Source 2	Surya Golden Enterprises Private Limited	B 251 Grand Paradikemps Corner, Mumbai, Maharashtra	India	सूर्य गोल्डन एंटरप्राइजेज प्राइवेट लिमिटेड	BOMBAY, B D/251 GRAND PARADIKEMPS CORNER, MUMBAI, Maharashtra	India
S1-775746787	S3-772474363	Source 3	North Industries Private Limited	Iv/928, Chotta Chippiwara Chawri Bazar, Delhi	India	northindustries.com	Iv/928, Delhi, Chotta Chippiwara Chawri Bazar, DL	India
S1-775746787	S2-874026038	Source 2	North Industries Private Limited	Iv/928, Chotta Chippiwara Chawri Bazar, Delhi	India	नॉर्थ इंडस्ट्रीज प्राइवेट लिमिटेड	PLOT 991 IV/928, NEW DELHI, DELHI	India
S1-739576263	S2-999050005	Source 2	Jwala Infraventures Limited	#18 Anand Building, Opp Aes School Shed1 Kg Halli Jalahalli West, Bangalore, Karnataka	India	Services Jwala Limited	#018 ANAND BTILDING, BANGALORE, ಕರ್ನಾಟಕ	India
S1-100545494	S3-239274229	Source 3	Hale & Cruz LLC	802 Main Street, Anamosa, IA	US	Hale & Crúz LLC	802 Main St, Iowa, Anamosa	US
S1-230957344	S3-419520694	Source 3	Indore Bliss	Office No.516, Apollo Creation, Near Vijay Nagar Square, Sheetal Nagar, Indore, Madhya Pradesh	India	Tavoecto Co	Indore, Apollo Creation, Near Vijay Nagar Square, Sheetal Nagar, Indore, Office No.516, Madhya Pradesh	India
S1-93857692	S3-37207452	Source 3	Avail Wellness Private Limited	Msmr House 48 Perumal Street, Kovilpatti, Thoothukudi, Tamil Nadu	India	Avail Wéllness Private Limited	Thoothukudi, TN, Kovilpatti, Msmr House 48 Perumal Street	India
S1-719223964	S3-287035173	Source 3	Heritage Federation	1601 Sunken Road, Fredericksburg City, VA	US	Heritage Féderation (Corp)		US
S1-874412035	S3-582793841	Source 3	Dronagiri Medical Centre	Varanasi, Uttar Pradesh, Varanasi, C/O Vinit Singh A No 1066 Chandrama Nagar Colony Kanwada	India	-- cdmedica1.com	C/o Vinit Singh A No 1066 Chanrama Nagar Colony Kanwada, Varanasi, UP	India
S1-437253658	S3-825245736	Source 3	Future Sree Developers Private Limited	Bihar, Rasulpur, Dumra, Sitamarhi, C/O Shiv Devi, Dumra, Sitamarhi	India	फ्यूचर श्री डेवलपर्स प्राइवेट लिमिटेड	C/o Shiv Devi, Sitamarhi, Dumra, BR	India
S1-437253658	S3-448782065	Source 3	Future Sree Developers Private Limited	Bihar, Rasulpur, Dumra, Sitamarhi, C/O Shiv Devi, Dumra, Sitamarhi	India	फ्यूचर श्री डेवलपर्स प्राइवेट लिमिटेड	C/o Shiv Devi, Rasulpur, Dumra, Sitamarhi, Dumra, Sitamarhi, BR	India
S1-437253658	S2-437763946	Source 2	Future Sree Developers Private Limited	Bihar, Rasulpur, Dumra, Sitamarhi, C/O Shiv Devi, Dumra, Sitamarhi	India	फ्यूचर श्री डेवलपर्स प्राइवेट लिमिटेड	C/O SHIV DEVI, SITAMARHI, Bihar, DUMRA, RASULPUR, DUMRA, SITAMARHI	India
S1-437253658	S2-134952464	Source 2	Future Sree Developers Private Limited	Bihar, Rasulpur, Dumra, Sitamarhi, C/O Shiv Devi, Dumra, Sitamarhi	India	फ्यूचर श्री डेवलपर्स प्राइवेट लिमिटेड	C/O SHIV DEVI, RASULPUR, DUMRA, SITAMARHI, DUMRA, SITAMARHI, Bihar	India
S1-999043072	S2-708479023	Source 2	Global Infotech Private Limited	31/1, Chhatawalla Gulee 2Nd Floor, Room No.-203, Kolkata, Kolkata, Howrah, West Bengal	India	গ্লোবাল ইনফোটেক প্রাইভেট লিমিটেড	West Bengal, HOWRAH, KOLKATA, 31/1	India
S1-861067626	S2-617009801	Source 2	Tejam Trading Private Limited	Mumbai City, 202, Maharashtra, 2Nd Flr, Embassy Chambers, 3Rd Road, Opp Simran Plaza, Khar (West), Mumbai	India	Tejam Prívate Trading Limited	202, 2ND FLR, EMBASSY CHAMBERS, 3RD ROAD, OPP SIMRAN PLAZA, KHAR (WEST), MUMBAI, महाराष्ट्र	India
S1-702127037	S3-871383075	Source 3	Prime Consulting Private Limited	39 Gadaipurmehrauli, New Delhi, South Delhi, Delhi	India	प्राइम कंसल्टिंग प्राइवेट लिमिटेड	New Delhi, DL, South Delhi, Door No 39 Gadaipurmehrauli	India
S1-621735101	S2-657498146	Source 2	Getwell Producer LLP	Plot No. 2, Survey No 173, Ahmedabad Mehsana Highway, Kadi, Mahesana, Gujarat	India	Getwell LLP Services	Gujarat, DOOR NO 751 20, SURVEY NO 173, AHMEDABAD MEHSANA HIGHWAY, KADI	India
S1-966027321	S3-472664232	Source 3	Probst & Duran Newhold LLC	Boston, 31 Floyd Street, MA	US	dprobst.com	31 Floyd St, Dorchester Center, Massachusetts	US
S1-966027321	S2-4379937	Source 2	Probst & Duran Newhold LLC	Boston, 31 Floyd Street, MA	US	NYLADREX	31D FLOYD STREET, BOSTON, MA	US
S1-756886721	S3-452811748	Source 3	Kriya Holdings	Orissa, Jobra, Geeta Memorial Hospitalgmhatdasasahi, Cuttack	India	Fluxaria	Cuttack, Jobra, Orissa, Geeta Memorial Hospitalgmhatdasasahi	India
S1-756886721	S2-212726025	Source 2	Kriya Holdings	Orissa, Jobra, Geeta Memorial Hospitalgmhatdasasahi, Cuttack	India	KIDRYA HOLDINGS	CUTTACK, JOBRA, GEETA MEMORIAL HOSPITALGMHATDASASLHI, Orissa	India
S1-482634502	S3-207257543	Source 3	Vought Cardiology L.L.C.	1801 59th Terrace, Topeka, KS	US	Vought L.L.C. Services	1801 59rd Terrace, PO Box 4223, Topeka CITY, Kansas	US
S1-842571971	S2-461300702	Source 2	Kameshwar & Co	D-173, Okhla Industrial Area, Okhla Industrial Estate, New Delhi, South Delhi, Delhi	India	Kamehswfr & Co	Delhi, D-173, OKHLA INDUSTRIAL AREA, OKHLA INDUSTRIAL ESTATE, NEW DELHI	India
S1-309551425	S3-473191465	Source 3	Bapa Creator Limited	Chamber No. 2, Ff, G-1, Harimandir Complex, New Moti Nagar, New Delhi, West Delhi, Delhi	India	bapacreator.com	DL, Chamber No. 3, West Delhi, New Delhi	India
S1-822780661	S2-486433708	Source 2	Rev It Up Nails	110 S A Street, Gas City, IN	US	revitup.com	110 SOUTH A ST, GAS CITY, IN	US
S1-822780661	S3-110266579	Source 3	Rev It Up Nails	110 S A Street, Gas City, IN	US	Up It Rev Nhils	11 S A Street, GAS CTY, Indiana	US
S1-744710348	S3-626536979	Source 3	United Consulting Private Limited	C 411 E, 1St Floor, Sushant Lok, Phase-1, Dlf Qe, Gurgaon, Haryana	India	United Consnulsgog Private  Limited	C 411/4 E, Dlf Qe, Gurgaon, HR	India
S1-391664892	S3-260917600	Source 3	City Technologies Private Limited	H. No. 1142, Gandhi Colony, Rajpura, Patiala, Punjab	India	ਸਿਟੀ ਟੈਕਨਾਲੋਜੀਜ਼ ਪ੍ਰਾਈਵੇਟ ਲਿਮਟਿਡ	054, Rajpura, Patiala, PB	India
S1-391664892	S3-841672111	Source 3	City Technologies Private Limited	H. No. 1142, Gandhi Colony, Rajpura, Patiala, Punjab	India	ਸਿਟੀ ਟੈਕਨਾਲੋਜੀਜ਼ ਪ੍ਰਾਈਵੇਟ ਲਿਮਟਿਡ	054, Rajpura, PB	India
S1-115251266	S2-162506576	Source 2	Skilled Solutions (India) Limited	H.No. 1325, Matond Tal-Vengurla Matond, Vengurla, Sindhudurg, Maharashtra	India	M/s skilledsolutionsindia.com	DOOR NO 325 , MATOND TAL-VENGURLA MATOND, VENGURLA, महाराष्ट्र	India
S1-156011256	S2-529776482	Source 2	Maa Ventures Pvt Ltd	Hno 114, Rajendra, Ward No 1, Jabalpur, Sihora, Katni, Madhya Pradesh	India	Pvt Maa Vegsnr Ltd	SIHORA, KATNI, RAJENDRA, WARD NO 1, JABALPUR, मध्य प्रदेश, HNO 114	India
S1-156011256	S2-139194535	Source 2	Maa Ventures Pvt Ltd	Hno 114, Rajendra, Ward No 1, Jabalpur, Sihora, Katni, Madhya Pradesh	India	मां वेंचर्स प्रा. लि.	114, SIHORA, KATNI, मध्य प्रदेश	India
S1-230252069	S3-679306451	Source 3	Atchley Communications LLC	212 Equestrian Drive, Waxahachie, TX	US	Kelosollum	Texas, ##212 Equestrian Dr, Waxahachie	US
S1-719506631	S3-345028717	Source 3	Balaji Business Pvt Ltd	7, Prabhu Mansion, Apt G2 3Rd Cross, Ist Main, Basaveshwar Nagar, Bengaluru, Bangalore, Karnataka	India	Balaji Pvt Ltd  Service	7, Bengaluru, Bangalore, KA	India
S1-451731570	S2-294221614	Source 2	International Finance Private Limited	# 1-3-53, Hyderabad, General Bazar, Telangana, Sunderabad	India	ఇంటర్నేషనల్ ఫైనాన్స్ ప్రైవేట్ లిమిటెడ్	DOOR NO B3/1-3-53, GENERAL BAZAR, SUNDERABAD, HYDERABAD, Telangana	India
S1-451731570	S3-330201065	Source 3	International Finance Private Limited	# 1-3-53, Hyderabad, General Bazar, Telangana, Sunderabad	India	ఇంటర్నేషనల్ ఫైనాన్స్ ప్రైవేట్ లిమిటెడ్	# #1-3-53, General Bazar, Sunderabad, Hyderabad, TG	India
S1-451731570	S3-212661279	Source 3	International Finance Private Limited	# 1-3-53, Hyderabad, General Bazar, Telangana, Sunderabad	India	International Private Private Limited (Services)	#1-3-53, Sunderabad, Hyderabad, TG	India
S1-451731570	S3-896641674	Source 3	International Finance Private Limited	# 1-3-53, Hyderabad, General Bazar, Telangana, Sunderabad	India	ఇంటర్నేషనల్ ఫైనాన్స్ ప్రైవేట్ లిమిటెడ్	No #1-3-53, General Bazar, Hyderabad, Sunderabad, TG	India
S1-44757147	S3-620543402	Source 3	Yaha Farmers Pvt Ltd	15/240-G, Civil Lines, Kanpur, Kanpur, Uttar Pradesh	India	Yaha Fcebes Pvt Ltd	Kanpur, Civil Lines, Kanpur, Kanpur, UP, 15/240-G	India
S1-44757147	S3-204557887	Source 3	Yaha Farmers Pvt Ltd	15/240-G, Civil Lines, Kanpur, Kanpur, Uttar Pradesh	India	Ltd Yaha Pvt Service	Kanpur, UP, 15/240-G, Kanpur	India
S1-768204789	S3-413600763	Source 3	Services Shree Consumer Private Limited	No 354/4, Kh No 710/621A, Akshayanagar, Begur, Bangalore, Karnataka	India	servicesshreeconsumer.com	No 354/4, Bangalore, KA	India
S1-36093778	S2-824360188	Source 2	Drashti Cold Private Limited	Hyderabad, 10-2-124 & 137A, Telangana, West Maredpally, Flat No: 4A, Plot-52, 4Th Floor, Orchid Villa, Street No.6, Lane-2, Nehru, Nagar	India	Drashti Private Co1d Limited - 7276690074	NO 10-2-124 & 137A, FLAT NO: 4A, PLOT-52, 4TH FLOOR, ORCHID VILLA, STREET NO.6, LANE-2, NEHRU, NAGAR, WEST MAREDPALLY, Telangana	India
S1-116627641	S3-446020100	Source 3	Real Services LLP	Kiran Apartment H.B.Town Rd No.3 Sodepur, North 24 Pgs, Kolkata, Kolkata, Howrah, West Bengal	India	রিয়েল সার্ভিসেস এলএলপি	Howrah, Kolkata, Kiran Apartment H.b.town Rd No.##3 Sodepur, WB	India
S1-552051009	S2-934642893	Source 2	RH Atlas	6101 8th Street, Midwest City, OK	US	RH At1as	OKLAHOMA CITY CDP, OK, 6101 8TH ST	US
S1-409071379	S2-549833619	Source 2	KA Motels Private Limited	#60, Kno-377, Ferns Residency K. Narayanapura, Bangalore, Karnataka	India	KA MNOES PRIVATE  LIMITED	Karnataka, #60, KNO-377, FERNS RESIDENCY K. NARAYANAPURA, BANGALORE	India
S1-347673275	S3-985043409	Source 3	Dova Tri-State State	Oakwood, Unit 3, OH, 26240 Broadway Avenue	US	DTS	26240 Broadway Avenue, Unit 3, Oakwood, OH	US
S1-349943591	S3-814086248	Source 3	Raviora Employability Limited	H.No.8-3-234/1, 2Nd Floor, L.N.Nagar, Yousufguda, Hyderabad, Telangana	India	Raviora Emmlyoabliity (Limited)	Doro No 8-3-234/1, 2Nd Floor, L.n.nagar, Yousufguda, Hyderabad, Andhra Pradesh	India
S1-475972747	S3-622212062	Source 3	Maa Solutions Company	1/89 Naktala, Kolkata, Calcutta, West Bengal	India	Maa  Soluitans Company	H.no /89 Naktala, Garia, WB, Kolkata	India
S1-475972747	S3-727630901	Source 3	Maa Solutions Company	1/89 Naktala, Kolkata, Calcutta, West Bengal	India	Sri Maa Company-Center	#/89 Naktala, Calcutta, Garia, পশ্চিমবঙ্গ	India
S1-464812938	S3-944401110	Source 3	Rajpura Export Private Limited	Flat No 220 Aks2 Babat, Rajpura, Punjab, Zirakpur Rajpura, Mohali, Mohali	India	rajpuraexportprivate.com	220 Aks2 Babat, Zirakpur Rajpura, Mohali, Zirakpur, Mohali, PB	India
S1-627921423	S3-770692568	Source 3	Asian Advisors	Tc No.3715(1), Near Technopark Phase-I, Thiruvananthapuram, Thiruvananthapuram, Trivandrum, Kerala	India	Asian Ádvisors	കേരളം, Near Technopark Phase-i, Thiruvananthapuram, Trivandrum, 97 Tc No.3715(1)	India
S1-627921423	S3-907654990	Source 3	Asian Advisors	Tc No.3715(1), Near Technopark Phase-I, Thiruvananthapuram, Thiruvananthapuram, Trivandrum, Kerala	India	Asian  Avhisrs	No. 97 Tc No.3715(1), Trivandrum, KL	India
S1-118198262	S3-135631644	Source 3	Future Products Limited	Calcutta, West Bengal, Kolkata, 4/1A Dr Shyama Das Row	India	futureproducts.com	4/1A. Dr Shyama Das Row, WB, Kolkata, Calcutta	India
S1-118198262	S2-615813343	Source 2	Future Products Limited	Calcutta, West Bengal, Kolkata, 4/1A Dr Shyama Das Row	India	FUTURE LIMITED CENTER Enterprises		India
S1-907413636	S3-444613781	Source 3	Bureau of Finance	11330 Washington Highway, Hanover County, VA	US	Bureau of Partners	Virginia, Glen Allen, 11330 Washington Highway	US
S1-235219989	S3-543716397	Source 3	Jones's Tattoo	Carlisle, MA, 49 Milne Cove Road	US	Jones's Táttoo	49 Milne Cove Road, Carlisle, Massachusetts	US
S1-743030178	S3-925535014	Source 3	Apex It Private Limited	1St Floor, 7/32/6/1 Barada Basak Street Baranagar, Kolkata, Parganas North, West Bengal	India	অ্যাপেক্স আইটি প্রাইভেট লিমিটেড	Door No 1St Floor, Kolkata, Parganas North, WB	India
S1-743030178	S2-376234399	Source 2	Apex It Private Limited	1St Floor, 7/32/6/1 Barada Basak Street Baranagar, Kolkata, Parganas North, West Bengal	India	অ্যাপেক্স আইটি প্রাইভেট লিমিটেড	West Bengal, 1ST FLOOR, KOLKATA, PARGANAS NORTH	India
S1-958314896	S3-622467613	Source 3	Sai Software Private Limited	No. 71, Xv Cross, Malleshwarm, Bangalore-3., Bangalore, Karnataka	India	ಸಾಯಿ ಸಾಫ್ಟ್‌ವೇರ್ ಪ್ರೈವೇಟ್ ಲಿಮಿಟೆಡ್	No 7-1, Bangalore-3., Bangalore, KA	India
S1-915475076	S3-13978286	Source 3	International Management Pvt Ltd	11/818, Manas Nagar Bara, Rewa, Madhya Pradesh	India	International Manaement Pvt Ltd	11/818, Rewa, Manas Nagar Bara, MP, Rewa	India
S1-819966462	S3-149143737	Source 3	R M & E Renewables P.C.	3451 46, NY, Hopewell	US	Zephorbidrex	3451 1/2 46, Canandaigua, New York	US
S1-819966462	S3-305355095	Source 3	R M & E Renewables P.C.	3451 46, NY, Hopewell	US	R M & E	46, Hopewell, New York	US
S1-45969321	S3-448064913	Source 3	Surgical Physicians	Springfield, MO, 5814 Applewood Avenue	US	Surgical	5814 Applewood Avenue, Springfield, MO	US
S1-830838936	S3-440384261	Source 3	R/G Advertising Inc	9518 750, Ridgeville, IN	US	R/G Inc Services	Indiana, 750, Ridgeville	US
S1-40982538	S3-576507172	Source 3	Bombay Infrastructure Private Limited	Central Delhi, Delhi, New Delhi, Indraprakash Building Barakhamba Road, 602	India	बॉम्बे इंफ्रास्ट्रक्चर प्राइवेट लिमिटेड	Door No 749 602, Indraprakash Building Barakhamba Road, Central, Central Delhi, DL	India
S1-40982538	S3-864935842	Source 3	Bombay Infrastructure Private Limited	Central Delhi, Delhi, New Delhi, Indraprakash Building Barakhamba Road, 602	India	Fayeveo Co	602, Indraprakash Building Barakhamba Road, New Delhi, Central Delhi, Delhi	India
S1-40982538	S2-914551249	Source 2	Bombay Infrastructure Private Limited	Central Delhi, Delhi, New Delhi, Indraprakash Building Barakhamba Road, 602	India	बॉम्बे इंफ्रास्ट्रक्चर प्राइवेट लिमिटेड	C-602, NEW DELHI ZONE, CENTRAL DELHI, Delhi	India
S1-786762737	S3-650789607	Source 3	Ss Services Private Limited	Midc Road No 20 Marol, 1St Floor 101 D 5 Marol, Maharashtra, Mumbai	India	Ss Services Private	1St Floor 101 D 5 Marol, Midc Road No 20 Marol, Mumbai, null, MH	India
S1-786762737	S2-553652526	Source 2	Ss Services Private Limited	Midc Road No 20 Marol, 1St Floor 101 D 5 Marol, Maharashtra, Mumbai	India	Sri SS SS SERVICES PRIVATE LIMITED	महाराष्ट्र, DOOR NO 1ST FLOOR 101 D 5 MAROL, MIDC ROAD NO 20 MAROL, MUMBAI	India
S1-786762737	S2-339297159	Source 2	Ss Services Private Limited	Midc Road No 20 Marol, 1St Floor 101 D 5 Marol, Maharashtra, Mumbai	India	एसएस सर्विसेज प्राइवेट लिमिटेड	Maharashtra, MUMBAI, #1ST FLOOR 101 D 5 MAROL, MIDC ROAD NO 20 MAROL, MUMBAI	India
S1-786762737	S3-228074550	Source 3	Ss Services Private Limited	Midc Road No 20 Marol, 1St Floor 101 D 5 Marol, Maharashtra, Mumbai	India	5s Services Private-Limited	1St Floor 101 D 5 Marol, Midc Road No 20 Marol, Mumbai, null, MH	India
S1-786762737	S2-596022131	Source 2	Ss Services Private Limited	Midc Road No 20 Marol, 1St Floor 101 D 5 Marol, Maharashtra, Mumbai	India	Ss Snriitse Private Limited	1ST FLOOR 101 D 5 MAROL, MIDC ROAD NO 20 MAROL, MUMBAI, Maharashtra	India
S1-472382232	S3-401443288	Source 3	Atwood Thunder Inc	1500 Sandoz Road, Unit 24, Newberg, OR	US	Atwood Thúnder Inc	1500a Sandoz Rd, PO Box 8048, Newberg, Oregon	US
S1-595046905	S2-156021506	Source 2	Digital Finance Private Limited	Delhi, Kamal Vihar Karawal Nagar, North East, A-122, Delhi	India	डिजिटल फाइनेंस प्राइवेट लिमिटेड	876 A-122, KAMAL VIHAR KARAWAL NAGAR, DELHI, NORTH EAST, Delhi	India
S1-94411349	S3-469305796	Source 3	Unified Ethereum P.C.	4311 Kenston Place, Missouri City, TX	US	Unified P.C. Center		US
S1-949966743	S2-201880024	Source 2	Interstate Platforms LLC	1076 Laurie Lane, Cedar City, UT	US	Zetaonyxsyn	CEDAR CITY, LAURIE LN, UT	US
S1-848337111	S3-963548712	Source 3	Al Tech Enterprises Limited	Mcf-67, Bhoor Colony, Old Faridabad, Faridabad, C/O Shri Chand, Haryana, Faridabad	India	अल टेक एंटरप्राइजेज लिमिटेड	C/o Shri Chand, Faridabad, हरियाणा	India
S1-848337111	S2-838230810	Source 2	Al Tech Enterprises Limited	Mcf-67, Bhoor Colony, Old Faridabad, Faridabad, C/O Shri Chand, Haryana, Faridabad	India	अल टेक एंटरप्राइजेज लिमिटेड	C/O SHRI CHAND, MCF-67, BHOOR COLONY, OLD FARIDABAD, FARIDABAD, Haryana	India
S1-848337111	S3-772111286	Source 3	Al Tech Enterprises Limited	Mcf-67, Bhoor Colony, Old Faridabad, Faridabad, C/O Shri Chand, Haryana, Faridabad	India	अल टेक एंटरप्राइजेज लिमिटेड	C/o Shri Chand, Faridabad, HR	India
S1-19014404	S2-260436994	Source 2	Prime Infrastructure Private Limited	Industrial Area Site V, Gautam Buddha Nagar, Plot No A 2/146 Surajpur, Noida, Uttar Pradesh	India	प्राइम इंफ्रास्ट्रक्चर प्राइवेट लिमिटेड	H.NO 132 PLOT NO A 2/146 SURAJPUR, NOIDA, GAUTAM BUDDHA NAGAR, Uttar Pradesh	India
S1-19014404	S2-657195994	Source 2	Prime Infrastructure Private Limited	Industrial Area Site V, Gautam Buddha Nagar, Plot No A 2/146 Surajpur, Noida, Uttar Pradesh	India	PRIME ÍNFRASTRUCTURE PRIVATE LIMITED	#132 PLOT NO A 2/146 SURAJPUR, INDUSTRIAL AREA SITE V, NOIDA, Uttar Pradesh	India
S1-271377293	S3-94832728	Source 3	Metro Northern	CA, Upland, 1550 Bison Street	US	Metro  Partners	1550 Bison Street, Upland, California	US
S1-271377293	S3-145883913	Source 3	Metro Northern	CA, Upland, 1550 Bison Street	US	Verahaloxylo Co formerly Metro Northern	1550 Bison Street, Upland, CA	US
S1-66980183	S2-586734926	Source 2	Seven Builders Private Limited	Haryana, Panchkula, Khatoni 14/14, Village Uperli Kundi, Sector 20, Panchkula, Khasra No 27	India	सेवन बिल्डर्स प्राइवेट लिमिटेड	KHASRA NO 27, PANCHKULA, Haryana	India
S1-755152831	S3-670229445	Source 3	Classic Agro Limited	H.No. 333-P, Ist Floor, Sector 27, Galleria Dlf-Iv, Gurgaon, Haryana	India	क्लासिक एग्रो लिमिटेड	H.no. 333-P, Galleria Dlf-iv, हरियाणा, Gurgaon	India
S1-525512001	S3-865534105	Source 3	Atlantic Trading LLC	98 Comstock Trail, East Hampton, CT	US	Quonoviecto formerly known as Atlantic Trading LLC	East Hampton, CT, 98 Comstock Trail	US
S1-695962769	S3-668397372	Source 3	WKB Fortress Inc	208 Minton Circle, Bedford County, VA	US	WKB Inc Partners		US
S1-666598267	S2-539844486	Source 2	Thompson's Accounting	2184 12th Street, Troy, NY	US	thompsonsaccounting.com	2184 TWELFTH ST, TROY, NY	US
S1-122129571	S2-76877801	Source 2	Metropolitan Equity Partners Inc	8352 143rd Street, Apple Valley, MN	US	partnersequitymetropolitan.com	8352-8354 143ST ST, SAINT PAUL, MN	US
S1-122129571	S3-831671026	Source 3	Metropolitan Equity Partners Inc	8352 143rd Street, Apple Valley, MN	US	partnersequitymetropolitan.com	8352c 143rd St, Apple Valley, Minnesota	US
S1-938222310	S3-294128750	Source 3	Lotus Healthcare Pvt Ltd	Maharashtra, Pune, Shrikrishna Complex, Near Kale Colony Sasane Nagar, Hadapasar, B-18, Pune	India	Lotus Pvt Ltd Center	Door No 0106 B-18, Mumbai, Pune, महाराष्ट्र	India
S1-991878061	S2-941303651	Source 2	Black Investment Private Limited	Rinkoo Apts 93 V P Rdvile Parce West, Mumbai, Maharashtra	India	ब्लैक इन्वेस्टमेंट प्राइवेट लिमिटेड	MUMBAI, RINKOO APTS 93 V P RDVILE PARCE WEST, Maharashtra	India
S1-991878061	S3-556312973	Source 3	Black Investment Private Limited	Rinkoo Apts 93 V P Rdvile Parce West, Mumbai, Maharashtra	India	Black Private Limited Services Enterprises		India
S1-376635163	S3-246142932	Source 3	Indian Infra Private Limited	Fl D-703 Caserta Puranik, Abitante Nr. Crystal Hon, Haveli, Pune, Maharashtra	India	इंडियन इंफ्रा प्राइवेट लिमिटेड	Abitante Nr. Crystal Hon, महाराष्ट्र, Fl D-703 Caserta Puranik, Haveli, Pune	India
S1-329276806	S2-98135850	Source 2	Jain Constructions Private Limited	Vill- Bibirait, P.O.- B. Narayanpur, Police Station- Bhangore, 24 Parganas So, Uth, Kolkata, Parganas South, West Bengal	India	Jain কনস্ট্রাকশনস Private Limited	DOOR NO 348 VILL- BIBIRAIT, P.O.- B. NARAYANPUR, POLICE STATION- BHANGORE, 24 PARGANAS SO, UTH, KOLKATA, পশ্চিমবঙ্গ	India
S1-272165680	S3-895948804	Source 3	Garcia Associated	271 James Road, Town Of Utica, WI	US	Garcia Asilted		US
S1-272165680	S3-97946974	Source 3	Garcia Associated	271 James Road, Town Of Utica, WI	US	Garcia Associtedd		US
S1-193172649	S3-604127640	Source 3	Pune Beverages Private Limited	Landge Nagar Bhosari, Pune, Maharashtra, S N 94/2/1 Nasik Road	India	Veotavo	S N 94/2/1 Nasik Road, Landge Nagar Bhosari, Pune, Maharashtra	India
S1-193172649	S3-505013741	Source 3	Pune Beverages Private Limited	Landge Nagar Bhosari, Pune, Maharashtra, S N 94/2/1 Nasik Road	India	Punebeverages.Com	Pune, MH, Landge Nagar Bhosari, S N 94/2/1 Nasik Road	India
S1-989810366	S2-395288783	Source 2	Pilot Trading Private Limited	C/O- Ranjeet Kumar, Road No -4A, Adarsh Colony Naya Chak, Kankarbagh, Patna, Bihar	India	Sri TRADINGPRIVATE.COM	C/O- RANJET KUMAR, ROAD NO -4A, ADARSH COLONY NAYA CHAK, KANKARBAGH, PATNA, Bihar	India
S1-943422442	S3-359119991	Source 3	Kapoor and Rhoades Kgaa	16775 Monterey Lane, King City, OR	US	Veraxylozeta fka Kapoor and Rhoades Kgaa	King City, 16775 Monterey Lane, OR	US
S1-291280879	S3-890979959	Source 3	Shivam Management	New No.5, Old No.3, Smith Lane Anna Salai, Chennai, Tamil Nadu	India	சிவம் மேனேஜ்மெண்ட்	Chennai, TN, Chennai, New No.5	India
S1-291280879	S2-142477448	Source 2	Shivam Management	New No.5, Old No.3, Smith Lane Anna Salai, Chennai, Tamil Nadu	India	சிவம் மேனேஜ்மெண்ட்	CHENNAI, NEW NO.B3/5, OLD NO.3, SMITH LANE ANNA SALAI, CHENNAI, Tamil Nadu	India
S1-291280879	S3-777038472	Source 3	Shivam Management	New No.5, Old No.3, Smith Lane Anna Salai, Chennai, Tamil Nadu	India	சிவம் மேனேஜ்மெண்ட்	Chennai, Door No 5, TN	India
S1-387790340	S2-470167469	Source 2	Digital Hospitality Pvt Ltd	5Fgrd47Municipalpatrachaw, Lmoosakilledarstreetmj N, Mumbai, Maharashtra	India	डिजिटल हॉस्पिटैलिटी प्रा. लि.	5FGRD47MUNICPIALPATRACHAW, LMOOSAKILLEDARSTREETMJ N, BOMBAY, MUMBAI, Maharashtra	India
S1-287921645	S3-114481874	Source 3	Gandhi Global Private Limited	Mumbai, R C Barrack No 3/30Chembur Colony, Mumbai, Maharashtra	India	Gandhi Gandhi Gshoeal Private Limited	R C Barrack No 5/30Chembur Colony, Mumbai, महाराष्ट्र	India
S1-68716390	S3-755541517	Source 3	Blue Producer Private Limited	Rajkot, Sadguru Thirthdham Appartment 5 Nehru Nagar, Raiya Road, Gujarat, Shop No.38	India	બ્લૂ પ્રોડ્યુસર પ્રાઇવેટ લિમિટેડ	No 38, Rajkot, GJ	India
S1-782787975	S3-361341888	Source 3	Services Revolution Solar Private Limited	C/O Sahab Ram, Village Chak Rayanwali Teh. Suratgarh, Suratgarh, Sriganga Nagar, Rajasthan	India	Services Regovllriton Solar Private Limited	Blick F-502 C/o Sahab Ram, Sriganga Nagar, Suratgarh, RJ, Village Chak Rayanwali Teh. Suratgarh	India
S1-665801538	S3-140030181	Source 3	Faix Assets Inc	105 Montera Avenue, Stafford County, VA	US	faixassets.com	Stafford County, 105 Montera Ave, Virginia	US
S1-586278475	S2-507122982	Source 2	Kalpa Complex Private Limited	Sco523 2Nd Floor Tdi City, Taj Plaza Sec 118 Mohali, Kharar, Rupnagar, Punjab	India	Kalpa Chpnex Private Limited	Punjab, SCO523 2ND FLOOR TDI CITY, TAJ PLAZA SEC 118 MOHALI, KHARAR	India
S1-50367102	S2-753416471	Source 2	Pune Shiva Pvt. Ltd.	Pune, Maharashtra, A Bldg, Woodsville, Phase Iii, Borhadewadi, Moshi, Pune, Flat No.204	India	Pune 5aiifv Pvt. Ltd.	Maharashtra, H.NO 204 , A BLDG, WOODSVILLE, PHASE III, BORHADEWADI, MOSHI, PUNE	India
S1-128434434	S2-766286097	Source 2	Raj Infra Private Limited	H No. 103 Marigold Apartment, Sapodilla, Kalyani Nagar, Pune, Pune City, Pune, Maharashtra	India	राज इंफ्रा प्राइवेट लिमिटेड	SAPODILLA, KALYANI NAGAR, PUNE, PUNE, H NO. 103 MARIGOLD APARTMENT, Maharashtra	India
S1-128434434	S3-264051270	Source 3	Raj Infra Private Limited	H No. 103 Marigold Apartment, Sapodilla, Kalyani Nagar, Pune, Pune City, Pune, Maharashtra	India	राज इंफ्रा प्राइवेट लिमिटेड	Marigold Apartment, Pune, महाराष्ट्र	India
S1-799159530	S2-994178470	Source 2	Supreme New International	Gautam Buddha Nagar, Gh-04, Sec-119, A-305 Gaur Grandeur Aoa, Uttar Pradesh, Noida	India	सुप्रीम न्यू इंटरनेशनल	A-305 GAUR GRANDEUR AOA, GH-04, SEC-119, GAUTAM BUDDHA NAGAR, GAUTAM BUDHA NAGAR, Uttar Pradesh	India
S1-799159530	S2-801154133	Source 2	Supreme New International	Gautam Buddha Nagar, Gh-04, Sec-119, A-305 Gaur Grandeur Aoa, Uttar Pradesh, Noida	India	सुप्रीम न्यू इंटरनेशनल	A-305 GAUR GRANDEUR AOA, GH-04, SEC-119, GAUTAM BUDDHA NAGAR, GAUTAM BUDHA NAGAR, उत्तर प्रदेश	India
S1-312456683	S2-190070280	Source 2	Barry F. Miller, D.O., P.C. PC	302 Brentwood Road, Marshalltown, IA	US	Barry F. Míller, D.O., P.C. PC	00302 BRENTWOOD ROAD, PMB 5429, MARSHALLTOWN, IA	US
S1-991887020	S2-518872927	Source 2	Davis Molecular	5835 Roberta Lane, Humble, TX	US	Davis Mbóleduldr	TX, HUMBLE, 5835 ROBERTA LANE	US
S1-330168717	S3-326444609	Source 3	Shyam Software Limited	Rajkot, 212 Sterling Appartment, Gujarat, Jawahar Road	India	શ્યામ સોફ્ટવેર લિમિટેડ	212 Sterling Apartment, Jawahar Road, GJ, Rajkot	India
S1-330168717	S2-430699458	Source 2	Shyam Software Limited	Rajkot, 212 Sterling Appartment, Gujarat, Jawahar Road	India	શ્યામ સોફ્ટવેર લિમિટેડ	JAWAHAR ROAD, RAJKOT, 212 STERLING APPARTMENT, Gujarat, RAJKOT	India
S1-388764493	S3-694086430	Source 3	Jhansi Chem Private Limited	70 Pitambra Enclave Pitambra Enclav, Jhansi, Uttar Pradesh	India	Jhansi Private  Limited Partners		India
S1-747392821	S3-773146686	Source 3	Ace Telecommunication Corp	Wichita, KS, 505 Tyler Road, Unit APT 1107	US	Corp Ace Teleommnrcation	#505 Tyler Rd, Unit APT 1107, Wichita CITY, Kansas	US
S1-597465251	S3-64877881	Source 3	Jai Technology Private Limited	House No 3, Kundalakar Ki Goth Kampoo, Gird, Gwalior, Madhya Pradesh	India	Gildonyx	Huose No #3, Kundalakar Ki Goth Kampoo, Gird, Gwalior, MP	India
S1-597465251	S2-111671571	Source 2	Jai Technology Private Limited	House No 3, Kundalakar Ki Goth Kampoo, Gird, Gwalior, Madhya Pradesh	India	जय टेक्नोलॉजी प्राइवेट लिमिटेड	HOUE NO 3, GIRD, GWALIOR, मध्य प्रदेश	India
S1-525317633	S3-652379924	Source 3	Pacific Pinnacle Toyo, Inc.	5200 Fillmore Avenue, Alexandria City, VA	US	pinnaclepacifictoyo.com	Allexandria, 005200 Fillmore Ave, Virginia	US
S1-593438474	S3-774438883	Source 3	Galaxy Energy Private Limited	Iman Point, Maharashtra, Mumbai, Mumbai City, Floor Gr Plot 213 Raheja Chambers Free Press Journal Mrg Mantralay Nr Mla Hostel Nar	India	गैलेक्सी एनर्जी प्राइवेट लिमिटेड	Floor Gr Plot 213 Raheja Chambers Free Press Journal Mrg Mantralay Nr Mla Hostel Nar, Iman Point, Mumbai, Mumbai City, MH	India
S1-593438474	S2-862463607	Source 2	Galaxy Energy Private Limited	Iman Point, Maharashtra, Mumbai, Mumbai City, Floor Gr Plot 213 Raheja Chambers Free Press Journal Mrg Mantralay Nr Mla Hostel Nar	India	गैलेक्सी एनर्जी प्राइवेट लिमिटेड	HN 27 FLOOR GR PLOT 213 RAHEJA CHAMBERS FREE PRESS JOURNAL MRG MANTRALAY NR MLA HOSTEL NAR, IMAN POINT, MUMBAI, MUMBAI CITY, Maharashtra	India
S1-593438474	S2-766172548	Source 2	Galaxy Energy Private Limited	Iman Point, Maharashtra, Mumbai, Mumbai City, Floor Gr Plot 213 Raheja Chambers Free Press Journal Mrg Mantralay Nr Mla Hostel Nar	India	Ga1axy Energy Private Ltd	HN 27 FLOOR GR PLOT 213 RAHEJA CHAMBERS FREE PRESS JOURNAL MRG MANTRALAY NR MLA HOSTEL NAR, IMAN POINT, MUMBAI, MUMBAI CITY, Maharashtra	India
S1-593438474	S3-778443950	Source 3	Galaxy Energy Private Limited	Iman Point, Maharashtra, Mumbai, Mumbai City, Floor Gr Plot 213 Raheja Chambers Free Press Journal Mrg Mantralay Nr Mla Hostel Nar	India	गैलेक्सी एनर्जी प्राइवेट लिमिटेड	Floor Gr Plot 213 Raheja Chambers Free Press Journal Mrg Mantralay Nr Mla Hostel Nar, Iman Point, Mumbai, Mumbai City, MH	India
S1-5289414	S3-291040171	Source 3	Star Management Private Limited	Deoria, Uttar Pradesh, Deoria, 79/A/05 Uma Nagar Dakshin	India	Star Management Pvet Limited	#79/A/05 Uma Nagar Dakshin, Deoria, उत्तर प्रदेश	India
S1-103985440	S2-548205844	Source 2	Sai Software LLP	F-108, Eastern Business District, F-108, Eastern Business District, Mumbai, Maharashtra	India	साई सॉफ्टवेयर एलएलपी	F-108, MUMBAI, Maharashtra	India
S1-315544608	S2-144709526	Source 2	R+ Vernal Inc	158 Trailblazer Drive, Bastrop, TX	US	R+ Vrethal Inc		US
S1-976206712	S3-155866716	Source 3	Phebe Nguyen, Ph.D., PC	Lincoln, WA, 25621 Valleyview Drive	US	Phebe Ngud,n Ph.D., PC	25621 Vallesview Drive, Washington, Lincoln	US
S1-650710207	S3-699640379	Source 3	Sujal Technologies (India) Pvt Ltd	Tamil Nadu, Casa Grande Pallagio, Kamaraj Street, Thoraipakkam, Chennai, Kanchipuram, Villa No. 87	India	Pyrayuma	Villa No. 87, Casa Grande Pallagio, Kamaraj Street, Thoraipakkam, Chennai, Kanchipuram, Tamil Nadu	India
S1-791619381	S2-48556652	Source 2	RE Travels Private Limited	Pno.5, Fno.102, Road No.1, Supriyaestates, Navkhalsa, Seri Lingampally, Hyderabad, Telangana	India	RE Travles Private Limited	Telangana, 14 PNO.5, FNO.102, ROAD NO.1, SUPRIYAESTATES, NAVKHALSA, SERI LINGAMPALLY	India
S1-791619381	S2-604065042	Source 2	RE Travels Private Limited	Pno.5, Fno.102, Road No.1, Supriyaestates, Navkhalsa, Seri Lingampally, Hyderabad, Telangana	India	RE Trave1s  Private Limited	DOOR NO 14 PNO.5, FNO.102, ROAD NO.1, SUPRIYAESTATES, NAVKHALSA, SERI LINGAMPALLY, Telangana	India
S1-453432746	S3-881374662	Source 3	Olanan Group	6410 Caymus Drive, Charlotte, NC	US	O1anan  Group	North Carolina, Charltte, #6410 Caymus Dr	US
S1-172478061	S2-418813802	Source 2	Smart Media Pvt Ltd	D.No:208, Block B Environ Towers, Mamatha Nagar Colony, Na, Gole, Hyderabad, Telangana	India	స్మార్ట్ మీడియా ప్రైవేట్ లిమిటెడ్	D.NO:208, HYDERABAD, తెలంగాణ	India
S1-140751625	S3-256617812	Source 3	Medwin Producer Private Limited	Unit No. 53/16, Shop No.3, Ground Floor, Ashok Nagar, New Delhi, West Delhi, Delhi	India	Medwin Private Limited Services	Unit No. #53/16, West Delhi, New Delhi, DL	India
S1-833717954	S2-961840255	Source 2	Ace Continental Eye Care LLC	1134 48th Street, Baton Rouge City, LA	US	ACEYE.COM	1134 48RD ST, null, BATO ROUGE, LA	US
S1-980888634	S2-968565012	Source 2	Seven Management Private Limited	Bikaner, Rajasthan, Pawanpuri Bikaner, Bikaner, 1-B-10	India	Dr Seven Mánagement	1-B-10, PAWANPURI BIKANER, BIKANER, Rajasthan	India
S1-627598051	S2-370598152	Source 2	AL Hotels Ltd	Delhi, Chandni Chowk, Delhi, Ist Floor, Kucha Mahajani, 1164	India	AL Hotesl Ltd		India
S1-987754641	S3-516512482	Source 3	Ethnic Touch-Aligarh	15, Ground Floor, Alig Corporate Plaza Marris Road, Aligarh, Uttar Pradesh	India	Deltasol	Uttar Pradesh, Aligarh, Ground Floor, Alig Corporate Plaza Marris Road, 15	India
S1-987754641	S3-944732175	Source 3	Ethnic Touch-Aligarh	15, Ground Floor, Alig Corporate Plaza Marris Road, Aligarh, Uttar Pradesh	India	Tethnic.Com	15, NULL, Aligarh, UP	India
S1-240438882	S2-666589842	Source 2	Madhyam Engineering Pvt. Ltd.	Delhi, East Delhi, Office No. 101 & 102, East Delhi, F/F, Ganga Appartment, Prop. No. 2/71 & 1/50, Kh No.-96, Gali No-2, Lalita Park, Laxmi Nagar	India	Madhyam Éngineering Pvt. Ltd.	OFFICE NO. 101 & 102, F/F, GANGA APPARTMENT, PROP. NO. 2/71 & 1/50, KH NO.-96, GALI NO-2, LALITA PARK, LAXMI NAGAR, EAST DELHI, Delhi	India
S1-763733557	S2-792038845	Source 2	Anand Enterprises Private Limited	Chorasi, Surat, 148 H No. Kawas, Gujarat	India	આણંદ એન્ટરપ્રાઇઝિસ પ્રાઇવેટ લિમિટેડ	A-148 H NO. KAWAS, CHORASI, SURAT, Gujarat	India
S1-763733557	S2-601741541	Source 2	Anand Enterprises Private Limited	Chorasi, Surat, 148 H No. Kawas, Gujarat	India	આણંદ એન્ટરપ્રાઇઝિસ પ્રાઇવેટ લિમિટેડ	DOOR NO A-148 H NO. KAWAS, CHORASI, SURAT, Gujarat	India
S1-763733557	S3-903170593	Source 3	Anand Enterprises Private Limited	Chorasi, Surat, 148 H No. Kawas, Gujarat	India	Anand એન્ટરપ્રાઇઝિસ પ્રાઇવેટ લિમિટેડ	H.no D/148 H No. Kawas, Surat, Mora, GJ	India
S1-580071060	S3-620827466	Source 3	Rk Finlease Private Limited	201 Floor 2, Plot 119C Ranjit Studio, Mumbai, Maharashtra	India	Rk Private Limited Partners		India
S1-998367584	S3-644888323	Source 3	Cultural Society	22701 1st Place, Bothell, WA	US	@culturalsociety	22701 1th Place, Bothell, Washington	US
S1-674620141	S3-75379615	Source 3	Arwa Institutions Private Limited	Telangana, Hyderabad, 3-3-821 Kuthbiguda, Hyderabad	India	Arwa Ísattilrtnis Private Limited	H.no 3-3-821 Kuthbiguda, Hyderabad, తెలంగాణ	India
S1-58638221	S2-219763548	Source 2	Royal Consultancy Private Limited	H.No.1, Ground Floor, Main Road Rajput Mohalla Kh No. 1/131, Village Ghonda, New Delhi, North East, Delhi	India	रॉयल कंसल्टेंसी प्राइवेट लिमिटेड	दिल्ली, GROUND FLOOR, MAIN ROAD RAJPUT MOHALLA KH NO. 1/131, VILLAGE GHONDA, DOOR NO ##1, NORTH EAST, NEW DELHI	India
S1-466432513	S3-478478098	Source 3	Sham Sangh	#6-3-129-136 & 140-145/2A, Flat No. 202, Engineers Castle, Prem Nagar, Khairatabad, Hyderabad, Telangana	India	Sham Sha	H.no 6-3-129-136 & 140-145/2A, NULL, Khairatabad, Hyderabad, TG	India
S1-173212707	S3-919030347	Source 3	Safe Intelligent, LLC	16424 Oak Lane, Channelview, TX	US	Safe Ienllignt, LLC	16424c Oak Ln, Channelview, Texas	US
S1-270579599	S2-113930443	Source 2	Le, Navarro and Taylor Franklin	910 7th St SE, Unit 352, Cedar Rapids, IA	US	lenavarrotaylor.com	7TH ST SE, CEDA RAPIDS, IA	US
S1-360488265	S3-215800411	Source 3	Jai Systems Private Limited	19/1276, Indira Nagar, Lucknow, Lucknow, Uttar Pradesh	India	जय सिस्टम्स प्राइवेट लिमिटेड	19/1276., Lucknow, उत्तर प्रदेश	India
S1-360488265	S3-144210612	Source 3	Jai Systems Private Limited	19/1276, Indira Nagar, Lucknow, Lucknow, Uttar Pradesh	India	Private Jai Systéms Limited	Lucknow, 19/1276., UP, Lucknow	India
S1-360488265	S3-978889721	Source 3	Jai Systems Private Limited	19/1276, Indira Nagar, Lucknow, Lucknow, Uttar Pradesh	India	जय सिस्टम्स प्राइवेट लिमिटेड	उत्तर प्रदेश, 19/1276., Lucknow, Indira Nagar, Lucknow	India
S1-515139775	S2-211205261	Source 2	Sunrise It	422, D-I Road Bhopalpura, Udaipur, Rajasthan	India	सनराइज आईटी	422, UDAIPUR, D-I ROAD BHOPALPURA, Rajasthan	India
S1-648145214	S3-561865376	Source 3	Sterling Inc	10610 231, Lafayette, IN	US	Saeeeoling Inc	10610 231, NULL, Lafayette, Indiana	US
S1-631341255	S2-721877756	Source 2	Creative Wireless Group	VA, Petersburg City, 2088 Defense Road	US	CREATIVEWIRELESSGROUP.COM	2088 DEFENSE RD, PETERSBURG CITY, VA	US
S1-283128413	S3-864531388	Source 3	Krishna It	H. No. 22, Kothari Mahagaon, Mahagaon, Yavatmal, Maharashtra	India	Evovera	H.no 0022, <NULL>, Mahagaon, Yavatmal, महाराष्ट्र	India
S1-756495137	S3-899019259	Source 3	Christi Urbanik Rapid Research LLC	3762 450, IN, Connersville	US	@Christiurbanik	3762 450, Brownnsville, Indiana	US
S1-477639634	S3-729658584	Source 3	Quartz Muniyield Inc	MD, Brandywine, 13901 Sparrow Court	US	#Quartzmuniyield	13901 Sparrow Ct, Maryland, Brandywine	US
S1-477639634	S2-408155815	Source 2	Quartz Muniyield Inc	MD, Brandywine, 13901 Sparrow Court	US	QUARTZ-INC SERVICES	13901 SPARROW COURT, BRANDYWINE, MD	US
S1-491869571	S2-637352710	Source 2	Sweet Tavern	1991 Newport Boulevard, Unit 49, Costa Mesa, CA	US	Sweet-Tavem	1991 NEWPOT BOULEVARD, COSTA MESA, CA	US
S1-402494894	S3-941185162	Source 3	U 3 W Synchrony Inc	Kansas City, 8304 105th Street, MO	US	U Inc W Synchróny 3	8311 105st St, Kansas CITY CITY, Missouri	US
S1-402494894	S2-603503906	Source 2	U 3 W Synchrony Inc	Kansas City, 8304 105th Street, MO	US	U 3 W	105ST ST, KANSASS CITY, MO	US
S1-440128709	S3-615504756	Source 3	Sachet Institute	T-9, Rajvi Complex, Near Sonal Cross Roa Gurukul Road, Memnagar, Ahmedabad, Gujarat	India	Sachet-Institte	Ahmedabad, GJ, Rajvi Complex, Near Sonal Cross Roa Gurukul Road, Memnagar, Ahmedabad, No 614 T-9	India
S1-128560585	S3-805741841	Source 3	R 8 H Mfa, L.L.C.	1516 Hoffman Drive, Albuquerque, NM	US	R 8 H M, L.L.C.		US
S1-600110146	S2-279113794	Source 2	ZFB Express LLP	97A, Lenin Saranee Flat No. - 5, Kolkata, Kolkata, Howrah, West Bengal	India	ZFBEXPRESS.COM	DOOR NO 19 97A, LENIN SARANEE FLAT NO. - 5, KOLKATA, KOLKATA, পশ্চিমবঙ্গ	India
S1-532732883	S3-717736651	Source 3	Florrie's Pharmaceuticals	6436 Virginia Street, Mesa, AZ	US	fpharmaceuticals.com	Mesa, Arizona, 6436 1/2 Virginia St	US
S1-455065535	S2-988601963	Source 2	LK Bio Limited	Plot No.55, Welcome Society, Dabha, Nagpur (Urban), Nagpur, Maharashtra	India	#lkbi0	NAGPUR (URBAN), DOOR NO ##55, NAGPUR, महाराष्ट्र	India
S1-750590059	S3-377903912	Source 3	Smart & Brothers Private Limited	Plot No 83-B, F/F, Kh No. 104/11 Amar Colony Phase 2, Mundka Mdk N494, Delhi, West Delhi, Delhi	India	smartbrothers.com	H.no 83-B, North West, Delhi, DL	India
S1-276904317	S3-411628767	Source 3	Wingo Animal Hospital Inc	16460 Partrich Blackburn Road, AL, Unit LOT 38B, Buhl	US	Evoyuma	Alabama, 16460 Partrich Blackburn Road, # LOT 38B, Buhl	US
S1-611872999	S3-374098255	Source 3	Maid Barbershop LLC	598 Park Drive, Statesville, NC	US	maidbarbershop.com	PO Box 5162, Statesville, North Carolina, Park Dr	US
S1-717482440	S2-24402412	Source 2	East Red Construction Private Limited	33, Radha Krishna Vihar, Govind Pura, Jhotwara, Jaipur, Rajasthan	India	ईस्ट रेड कंस्ट्रक्शन प्राइवेट लिमिटेड	33/2, JAIPUR, Rajasthan	India
S1-717482440	S2-371166108	Source 2	East Red Construction Private Limited	33, Radha Krishna Vihar, Govind Pura, Jhotwara, Jaipur, Rajasthan	India	ईस्ट रेड कंस्ट्रक्शन प्राइवेट लिमिटेड	Rajasthan, JAIPUR, 33/2, JAIPUR	India
S1-444172136	S2-313541200	Source 2	Swastik Exports Private Limited	C-7-204 Stutee Residency Palgam Road Palgam Adajan, Surat, Gujarat	India	સ્વસ્તિક એક્સપોર્ટ્સ પ્રાઇવેટ લિમિટેડ	SURAT, C-7-204 STUTEE RESIDENCY PALGAM ROAD PALGAM ADAJAN, Gujarat, SURAT	India
S1-439956189	S3-365164611	Source 3	Marietta United Generation	Marietta, 1130 Lancaster Street, OH	US	Mariettaunitedgenerationcom	1130 Lancaster St, Ohio, Mrietta CDP	US
S1-663700187	S2-306178113	Source 2	Hatton and Navarro	216 2nd Avenue, Malta, MT	US	Hatton and Narvaror		US
S1-663700187	S2-463126384	Source 2	Hatton and Navarro	216 2nd Avenue, Malta, MT	US	hattonnavarro.com	216 2ST AVENUE, MALTA, MT	US
S1-977211605	S3-290316648	Source 3	Blue Developers Private Limited	S-31 Govind Marg Adarsh Nagar, Jaipur, Rajasthan	India	ब्लू डेवलपर्स प्राइवेट लिमिटेड	S-31 Goivnd Marg Adarsh Nagar, Jaipur, राजस्थान	India
S1-694589616	S3-467546601	Source 3	Global Tech Pvt Ltd	C/O Mr. Y. Venkata Reddy, Gid Kaasireddy Nagar Gdlr, Giddalur, Prakasam, Andhra Pradesh	India	గ్లోబల్ టెక్ ప్రైవేట్ లిమిటెడ్	C/o Mr. Y. Venlata Reddy, Gid Kaasireddy Nagar Gdlr, Giddalur, Prakasam, AP	India
S1-466710529	S3-290661125	Source 3	85/10 Landscaping	4126 Barker Hill Road, Lafayette, NY	US	85/10 Lándscaping	New York, 4126-4130 Barker Hill Road, Lafayette	US
S1-337265868	S3-959331681	Source 3	Urban Agro Private Limited	C/O Md Hashim, Rampur, Kuddarkatti, Balu Chauk, Araria, Bihar	India	अर्बन एग्रो प्राइवेट लिमिटेड	C/o Md Hastim, Rampur, Kuddarkatti, Balu Chauk, Araria, BR	India
S1-939038449	S3-484753618	Source 3	Surya Media LLP	Old No.10, New No.23, Thiruvengadam Street Extension, Raja Annamalaipuram, Chennai, Tamil Nadu	India	Partners Surya LLP	No 10, New No.23, Thiruvengadam Street Extension, Raja Annamalaipuram, Madras, Chennai, தமிழ்நாடு	India
S1-939038449	S3-378508077	Source 3	Surya Media LLP	Old No.10, New No.23, Thiruvengadam Street Extension, Raja Annamalaipuram, Chennai, Tamil Nadu	India	5urya Media L.L.P.	Madras, Chennai, TN, Old No.10	India
S1-532498443	S3-342289115	Source 3	Maruthi Advisors	Guntur, Andhra Pradesh, 12-455/4F5, Abc Towers, Revenue Ward 12, Tadepalli, Tadepalle	India	Maruthi	12-455/4F5, Abc Towers, Revenue Ward 12, Tadepalli, Guntur, Andhra Pradesh, Tadepalle	India
S1-361564708	S2-248909303	Source 2	Office of Finance	68 Chestnut Street, Unit Apartment 4A5, Cold Spring, NY	US	OFFICE OF FISNNCE	PO BOX 3935, COLD SPRING, 68 CHESTNUT ST, NY	US
S1-412914735	S3-209103735	Source 3	Indo Technologies Private Limited	A-494, Ground Floor G.D Colony, Mayur Vihar, Ph-3, Delhi, East Delhi, Delhi	India	इंडो टेक्नोलॉजीज प्राइवेट लिमिटेड	A-494, East Delhi, Delhi, DL	India
S1-412914735	S2-972459254	Source 2	Indo Technologies Private Limited	A-494, Ground Floor G.D Colony, Mayur Vihar, Ph-3, Delhi, East Delhi, Delhi	India	इंडो टेक्नोलॉजीज प्राइवेट लिमिटेड	A-494., DELHI, EAST DELHI, Delhi	India
S1-412914735	S3-546903424	Source 3	Indo Technologies Private Limited	A-494, Ground Floor G.D Colony, Mayur Vihar, Ph-3, Delhi, East Delhi, Delhi	India	इंडो टेक्नोलॉजीज प्राइवेट लिमिटेड	A-494, DL, East Delhi, Delhi	India
S1-39341417	S3-929151346	Source 3	Tirupati Gold Estate Private Limited	Phase Ii Vsez, Plot No 34/1D, Andhra Pradesh, Vishakhapatnam, Visakhapatnam	India	తిరుపతి గోల్డ్ ఎస్టేట్ ప్రైవేట్ లిమిటెడ్	34/1D, Vishakhapatnam, Visakhapatnam, ఆంధ్రప్రదేశ్	India
S1-953251552	S2-933178528	Source 2	Future Software Private Limited	11-11-117, Flat No.B-304, Jubilee Homes Indiranagar Colony, Kothapet, Hyderabad, Rangareddy, Telangana	India	ఫ్యూచర్ సాఫ్ట్‌వేర్ ప్రైవేట్ లిమిటెడ్	11-11-117, N/A, RANGAREDDY, HYDERABAD, Telangana	India
S1-953251552	S3-262957558	Source 3	Future Software Private Limited	11-11-117, Flat No.B-304, Jubilee Homes Indiranagar Colony, Kothapet, Hyderabad, Rangareddy, Telangana	India	ఫ్యూచర్ సాఫ్ట్‌వేర్ ప్రైవేట్ లిమిటెడ్	00150 11-11-117, Hyderabad, Rangareddy, Andhra Pradesh	India
S1-780921055	S3-968420647	Source 3	Lyca &consultancy Private Limited	Hyderabad, Telangana, Andhra Pradesh, Flat No. 404. Ananad Plazalakasikapool Andhra Pradesh	India	lycaconsultancy.com	No 404. Ananad Plazalakasikapool Andhra Pradesh, Andhra Pradesh, Saifabad, TG	India
S1-780921055	S2-215042301	Source 2	Lyca &consultancy Private Limited	Hyderabad, Telangana, Andhra Pradesh, Flat No. 404. Ananad Plazalakasikapool Andhra Pradesh	India	Smt Lyca Private Limited Services		India
S1-199895129	S3-219501685	Source 3	Marla Meagher Opportunity LLC	1806 Cherokee Bluff Drive, Knoxville, TN	US	Marla	Knoxville, 1806 Cherokee Bluff Drive, TN	US
S1-249364063	S3-717863694	Source 3	Gold Management Private Limited	Sharad Villa, Sps Marg J M Road, Near Post Office, Bhandup West, Flat No. 5, Mumbai, Maharashtra, Mumbai City	India	Dr goldmanagementprivate.com	Flt No. 5, Sharad Villa, Sps Marg J M Road, Near Post Office, Bhandup West, Mumbai, Mumbai City, महाराष्ट्र	India
S1-249364063	S2-266257050	Source 2	Gold Management Private Limited	Sharad Villa, Sps Marg J M Road, Near Post Office, Bhandup West, Flat No. 5, Mumbai, Maharashtra, Mumbai City	India	G0ld Management Private Limited	FLAT NO. 5, SHARAD VILLA, SPS MARG J M ROAD, NEAR POST OFFICE, BHANDUP WEST, MUMBAI, MUMBAI CITY, महाराष्ट्र	India
S1-249364063	S2-654168663	Source 2	Gold Management Private Limited	Sharad Villa, Sps Marg J M Road, Near Post Office, Bhandup West, Flat No. 5, Mumbai, Maharashtra, Mumbai City	India	गोल्ड मैनेजमेंट प्राइवेट लिमिटेड	FLAT NO. 5, SHARAD VILLA, SPS MARG J M ROAD, NEAR POST OFFICE, BHANDUP WEST, MUMBAI, MUMBAI CITY, Maharashtra	India
S1-543640962	S2-119545463	Source 2	Premier Technologies Private Limited	5, 6 Thattan Thottam, 5Th, Street, Palladam Road, Tiruppur, Coimbatore, Tamil Nadu	India	Premier டெக்னாலஜீஸ் பிரைவேட் லிமிடெட்		India
S1-543640962	S3-182010208	Source 3	Premier Technologies Private Limited	5, 6 Thattan Thottam, 5Th, Street, Palladam Road, Tiruppur, Coimbatore, Tamil Nadu	India	பிரீமியர் டெக்னாலஜீஸ் பிரைவேட் லிமிடெட்	5, Coimbatore, Tiruppur, TN	India
S1-543640962	S2-365035537	Source 2	Premier Technologies Private Limited	5, 6 Thattan Thottam, 5Th, Street, Palladam Road, Tiruppur, Coimbatore, Tamil Nadu	India	பிரீமியர் டெக்னாலஜீஸ் பிரைவேட் லிமிடெட்	5, TIRUPPUR, COIMBATORE, Tamil Nadu	India
S1-757013296	S3-487245500	Source 3	Dj Software Pvt Ltd	Pitampura, North West, Delhi, Cd-34	India	Pvt Dj Sóftware Ltd	Cd-34, North West, DL, Pitampura	India
S1-137058302	S2-41324998	Source 2	Literacy Ministries Inc.	413 7th Street, Bloomfield, NM	US	Literacy Maistrlise Inc.	413 SEVENH ST, BLOOMFIELD, NM	US
S1-815811943	S3-127725173	Source 3	Lila Fitzgerald Grading LLC	Minnetonka, MN, 17318 Bay Lane	US	@lilafitzgerald	17318 Bay Ln, Minnetonka, Minnesota	US
S1-328593307	S3-41894621	Source 3	Certified Factory LP	125 8th Avenue, Yuma, AZ	US	Certifiedfactory.Com	12 Eighth Avenue, PO Box 4874, Yuma, Arizona	US
S1-912361100	S3-776498108	Source 3	Lucky Tavern	223 Peterson Street, Village Of Holmen, WI	US	Lucky Tlbvenr		US
S1-912361100	S2-534131981	Source 2	Lucky Tavern	223 Peterson Street, Village Of Holmen, WI	US	Lucky Lucky Tdaelvem	WI, HOLMEN  CDP, 223  Peterson St	US
S1-912361100	S3-632297664	Source 3	Lucky Tavern	223 Peterson Street, Village Of Holmen, WI	US	Lucky Tavem Inc.	Holmen Township, Wisconsin, ##223 Peterson St	US
S1-494533763	S3-253430807	Source 3	North Cascade Research	30251 Roosevelt Street, Maricopa County, AZ	US	cascaderesearch.com	Arizona, Maricopa County, Roosevelt Street	US
S1-641001735	S2-793351422	Source 2	Emerald Andretti	CA, Fontana, 11741 Driftwood Drive	US	EMERALD  AODRTET	11741 DRIFTWOOD DRIVE, FONTANA, CA	US
S1-58997889	S2-815224880	Source 2	Lakshmi Care Private Limited	H.No.61, Basai Enclave, Part-Ii, Near Green Field Public School, Garauli Road, Railway Road, Gurgaon, Haryana	India	लक्ष्मी केयर प्राइवेट लिमिटेड	61, RAILWAY ROAD, GURGAON, हरियाणा	India
S1-786584771	S3-121239805	Source 3	Park Creations LLP	502, Asmita, Meeta Kunj Chs, 14Th Road, Khar West, Mumbai, Maharashtra	India	(Service) Park LLP	502, Mumbai, MH	India
S1-541875970	S3-977437792	Source 3	Eckel Elite Lionheart Inc	8383 Seven Creeks Highway, Nakina, NC	US	ecke1elitelionheart.com	8383a Seven Creeks Highway, Nakina, North Carolina	US
S1-965063375	S3-168027965	Source 3	Pohl Partners, Inc	508 Harden Street, Unit G, Graham, NC	US	Pohl Pártners, Inc	North Carolina, 508 Harden St, Graham	US
S1-122888975	S3-931345914	Source 3	Vision Estate Private Limited	17-1, Roja Nagar, Ranganathapuram, Kannampalyam Road, Kannampalaym, Palladam, Coimbatore, Tamil Nadu	India	விஷன் எஸ்டேட் பிரைவேட் லிமிடெட்	#17-1, Palladam, Coimbatore, TN	India
S1-122888975	S2-257288400	Source 2	Vision Estate Private Limited	17-1, Roja Nagar, Ranganathapuram, Kannampalyam Road, Kannampalaym, Palladam, Coimbatore, Tamil Nadu	India	விஷன் எஸ்டேட் பிரைவேட் லிமிடெட்	17-1, PALLADAM, COIMBATORE, Tamil Nadu	India
S1-667897092	S2-613246413	Source 2	Virgo Charitable Trust	S-3/5C, Delhi, South Delhi, New Delhi, Third Floor, R/S Jogabai Extn.	India	Xyloevo	S-9-3/5C, NEW DELHI, दिल्ली, SOUTH DELHI	India
S1-673979622	S2-446503880	Source 2	Rural & Co	15 Amrakadam Nr Supersociety B/H Isro Ramdev Tekra Satelite, Ahmedabad, Gujarat	India	RUAL & CÓ	DOOR NO ##15 AMRAKADAM NR SUPERSOCIETY B/H ISRO RAMDEV TEKRA SATELITE, AHMEDABAD, ગુજરાત	India
S1-580199813	S2-340044895	Source 2	Henriquez's Silver Seafood	143 Rock Camp Road, Clarksburg, WV	US	henriquezssilverseafood.com	CLARKSBURG TOWNSHIP, 143-147 ROCK CAMP RD, WV	US
S1-33649305	S2-391543237	Source 2	Dental Partners L.L.C.	Bldg PARKER ROAD PRESCHOOL, Shrewsbury, 15 Parker Road, MA	US	Dental Pártners L.L.C.	PARKER RD, SHREWSBURY, MA	US
S1-377504378	S2-365425764	Source 2	Shyam Technology Private Limited	19 B Manas Nagar Jiya Mau Near Cancer Hospital Hazratganj Lucknow, Lucknow, Uttar Pradesh	India	श्याम टेक्नोलॉजी प्राइवेट लिमिटेड	LUCKNOW, #19 B MANAS NAGAR JIYA MAU NEAR CANCER HOSPITAL HAZRATGANJ LUCKNOW, Uttar Pradesh	India
S1-927006293	S3-268892545	Source 3	Sterling Environmental Holdings	WI, Town Of Excelsior, S2954 Fairway Drive	US	#Sterlingenvironmental	S2954 1/2 Fairway Dr, Reedsburg, Wisconsin	US
S1-769017555	S2-832561902	Source 2	Aditya Consultants Private Limited	5 Celler, Ahmedabad, Sumtinath Complex, Opp. Kothawala Flat, Pritamnagar, Ellisbridge, Ahmedabad, Gujarat	India	Aditya Consu1tants  Private	DOOR NO 5/2 CELLER, SUMTINATH COMPLNX, OPP. KOTHAWALA FLAT, PRITAMNAGAR, ELLISBRIDGE, AHMEDABAD, ગુજરાત	India
S1-983261225	S3-831999332	Source 3	Colonial Cambridge Co	407 60th Drive, IN, Merrillville	US	Colonial Co Service	##407 60st Dr, NULL, Merrillville, Indiana	US
S1-96688183	S2-332509995	Source 2	Prananth Clinic of Nagpur Pvt Ltd	House No. 96, Whc Road Dharampeth, Nagpur, Maharashtra	India	PRANANTHCLINICNAGPUR.COM	Maharashtra, HOUSE NO. 96, WHC ROAD DHARAMPETH, NAGPUR	India
S1-360834043	S3-773717221	Source 3	Dugan Education	970 Pembroke Place, Auburn, AL	US	-- Dugan Educgtsin	Alabama, 970 Pembroke Pl, Aubrun	US
S1-360834043	S3-674877609	Source 3	Dugan Education	970 Pembroke Place, Auburn, AL	US	Dugan Ediaction	970 Pembroee Place, Alabama, Aubrun	US
S1-633156008	S3-113882315	Source 3	Ilex Ventures Corp	No.B-106/2, Rajajinagar Indl.Estate, Rajajinagar, Bangalore-, Bangalore, Karnataka	India	llex Corp Partners	No.b-106/2, ಕರ್ನಾಟಕ, Rajajinagar Indl.estate, Rajajinagar, Bangalore-	India
S1-209671273	S2-215132896	Source 2	Om Construction LLP	Holding No-42, Atuhatpara, Saheb Bagan Road, Purba, Bardhaman, West Bengal	India	Partners Om LLP	HN 379 HOLDING NO-42, BARDHAMAN, West Bengal	India
S1-209671273	S3-106017916	Source 3	Om Construction LLP	Holding No-42, Atuhatpara, Saheb Bagan Road, Purba, Bardhaman, West Bengal	India	Om Constrcction LLP	Hrlding No-42, Atuhatpara, Saheb Bagan Road, Purba, Bardhaman, Katwa,burdwan,wb, WB	India
S1-601470414	S3-376961247	Source 3	Esteem Tech Private Limited	Uttar Pradesh, Noida, Gautam Buddha Nagar, A-44A, Ground Floor, Behind Mc Donald, Sector 16, Noida	India	Yumayuma	A-44A, Ground Floor, Behind Mc Donald, Sector 16, Noida, Noida, Gautam Buddha Nagar, Uttar Pradesh	India
S1-423058738	S3-843633110	Source 3	East Infrastructure Private Limited	185 Lingappa Chetty Street Coimbatore, Coimbatore, Tamil Nadu	India	ஈஸ்ட் இன்ஃப்ராஸ்ட்ரக்சர் பிரைவேட் லிமிடெட்	Door No 185 Lingappa Chetty Street Coimbatore, Coimbatore, TN	India
S1-671054734	S3-198435038	Source 3	Ksa Group	Central Delhi, Basement Dhawan Deep Building, 6 Jantar Mantar Ro, Ad, Delhi, New Delhi, B-1	India	Ksa Group Service	Basement Dhawan Deep Building, 6 Jantar Mantar Ro, Ad, New Delhi, दिल्ली, Central Delhi, Block G-675 B-1	India
S1-140655405	S3-249791063	Source 3	Huff System L.L.C.	1912 31st Street, Vancouver, WA	US	huffsystem.com	1912-1916 31nd Street, Vancouver, Washington	US
S1-140655405	S2-635884598	Source 2	Huff System L.L.C.	1912 31st Street, Vancouver, WA	US	Huff L.L.C. [Services]	1912 31ND STREET, VANCOUVER, WA	US
S1-16390941	S2-721198408	Source 2	BXL Westin	1916 Charleston Drive, Bedford, TX	US	EVONYLAMIRA	BEDFORD, Charleston Dr, TX	US
S1-179561709	S3-532238990	Source 3	Mumbai Life Private Limited	C/O Nilkanth P Mahadik, Room No. 4, Siddheshwr Chl Shastri Ngr D Mello, Compd Vakola Santacruz E, Mumbai, Maharashtra	India	mumbailife.com	Mumbai, Room No. 4, Siddheshwr Chl Shastri Ngr D Mello, Compd Vakola Santacruz E, C/o Nilkanth P Mahadik, Mumbai, MH	India
S1-123701242	S3-288793702	Source 3	TN Superfoods Limited	Thane, Near Ipol Factory Vasai (East), Maharashtra, Survey No.75 Valivfata, 94 (Pt)	India	TN Superf0ods Limited	No #94 (Pt), Thane, महाराष्ट्र	India
S1-412583452	S2-460321548	Source 2	Perfect Impex Private Limited	A-27, 182/29B New Kartar Nagar, Street No 7, Dhuri Lin, E, Ludhiana, Punjab	India	ਪਰਫੈਕਟ ਇੰਪੈਕਸ ਪ੍ਰਾਈਵੇਟ ਲਿਮਟਿਡ	NO. 221 A-27, LUDHIANA, Punjab	India
S1-412583452	S2-97416538	Source 2	Perfect Impex Private Limited	A-27, 182/29B New Kartar Nagar, Street No 7, Dhuri Lin, E, Ludhiana, Punjab	India	ਪਰਫੈਕਟ ਇੰਪੈਕਸ ਪ੍ਰਾਈਵੇਟ ਲਿਮਟਿਡ	NO. 221 A-27, LUDHIANA, Punjab	India
S1-898781175	S2-713763160	Source 2	Meraz Retail, LLC	Ashland, 565 Scenic Drive, OR	US	Meraz Retai1, LLC	565 SCENIC DRIVE, ASHLAND, OR	US
S1-443267904	S3-699020647	Source 3	Pink India Private Limited	Warangal Urban, 13-65, Kondailupally Nallabelli(Mdl), Telangana, Warangal	India	Pink Private Limited Center	Warangal Rural, Warangal Urban, Andhra Pradesh, Block F-220 13-65	India
S1-443267904	S2-453468518	Source 2	Pink India Private Limited	Warangal Urban, 13-65, Kondailupally Nallabelli(Mdl), Telangana, Warangal	India	Pink  lndia Private (Limited)	13-65, KONDAILUPALLY NALLABELLI(MDL), WARANGAL, తెలంగాణ	India
S1-443267904	S3-711623526	Source 3	Pink India Private Limited	Warangal Urban, 13-65, Kondailupally Nallabelli(Mdl), Telangana, Warangal	India	Pink  Private Limited Center	Block F-220 13-65, Kondailupally Nallabelli(mdl), Warangal Rural, Warangal Urban, Andhra Pradesh	India
S1-644220368	S2-279458093	Source 2	Great Golden Producer Private Limited	Room No-304, House No- 105, 3Rd Floor Chintamani Niwas Govind Patel Rd, Khar-W, Mumbai, Mumbai City, Maharashtra	India	ग्रेट गोल्डन प्रोड्यूसर प्राइवेट लिमिटेड	ROOM NO-304, MUMBAI, MUMBAI CITY, Maharashtra	India
S1-644220368	S3-996363378	Source 3	Great Golden Producer Private Limited	Room No-304, House No- 105, 3Rd Floor Chintamani Niwas Govind Patel Rd, Khar-W, Mumbai, Mumbai City, Maharashtra	India	ग्रेट गोल्डन प्रोड्यूसर प्राइवेट लिमिटेड	Room No-304, Bombay, Mumbai City, महाराष्ट्र	India
S1-292629594	S3-721183515	Source 3	EDE Constructions Private Limited	Survey No. 22/2 Cts No 4691, 4889 & 4990, Pimpri, Maharashtra, Shewale Centre A, Pune	India	EDE C0nstructions Private Limited	Pune, महाराष्ट्र, Survey No. 22/2 Cts No 4691, 4889 & 4990, Pimpri, Shewale Centre A	India
S1-292629594	S2-233818325	Source 2	EDE Constructions Private Limited	Survey No. 22/2 Cts No 4691, 4889 & 4990, Pimpri, Maharashtra, Shewale Centre A, Pune	India	Private EDE Cnttructions Limited	SHEWALE CENTRE A, PUNE, महाराष्ट्र	India
S1-77608133	S3-678622046	Source 3	IZ Face Pvt Ltd	Shahjahanpur, Sri.D.K.Gupta Krishna Nagar Colony Spn Shajahanpur Up Ind, Uttar Pradesh, Shahjahanpur	India	IZ Fe Pvt Ltd	Sri.d.k.gupta Krishna Nagar Colony Spn Shajahanpur Up Ind, Shahjahanpur, UP	India
S1-953052825	S2-268061479	Source 2	Supreme Software Private Limited	Maharashtra, Mumbai City, Mumbai, Worli Colony, 2 Floor 2 71 C Ramchandra Nakhwa House Kesharinathbuwa Bhaye Marg	India	सुप्रीम सॉफ्टवेयर प्राइवेट लिमिटेड	##2 FLOOR 2 71 C RAMCHANDRA NAKHWA HOUSE KESHARINATHBUWA BHAYE MARG, MUMBAI, MUMBAI CITY, Maharashtra	India
S1-953052825	S2-873463936	Source 2	Supreme Software Private Limited	Maharashtra, Mumbai City, Mumbai, Worli Colony, 2 Floor 2 71 C Ramchandra Nakhwa House Kesharinathbuwa Bhaye Marg	India	सुप्रीम सॉफ्टवेयर प्राइवेट लिमिटेड	###2 FLOOR 2 71 C RAMCHANDRA NAKHWA HOUSE KESHARINATHBUWA BHAYE MARG, MUMBAI, MUMBAI CITY, महाराष्ट्र	India
S1-723635101	S3-464022555	Source 3	Mumbai Commercial Pvt Ltd	Unit No. 204, 2Nd Floor, Nirmal Industrial Estate Sion Road No. 29, Sion Fort, Sion East, Mumbai, Mumbai City, Maharashtra	India	Fayeavidrex+ DBA: Mumbai Commercial Pvt Ltd	Maharashtra, Mumbai, Unit No. 204, Mumbai City, 2Nd Floor, Nirmal Industrial Estate Sion Road No. 29, Sion Fort, Sion East	India
S1-944593548	S2-972448913	Source 2	International Hospitality Private Limited	68(61/B Flat No. A-5, Block No.A, Gandhi Nagar 4Th Main Road, Adyar, Chennai, Tamil Nadu	India	இன்டர்நேஷனல் ஹாஸ்பிடாலிட்டி பிரைவேட் லிமிடெட்	Tamil Nadu, CHENNAI, PLOT 366 68(61/B FLAT NO. A-5, BLOCK NO.A, GANDHI NAGAR 4TH MAIN ROAD, ADYAR, CHENNAI	India
S1-944593548	S2-993486836	Source 2	International Hospitality Private Limited	68(61/B Flat No. A-5, Block No.A, Gandhi Nagar 4Th Main Road, Adyar, Chennai, Tamil Nadu	India	இன்டர்நேஷனல் ஹாஸ்பிடாலிட்டி பிரைவேட் லிமிடெட்	CHENNAI, Tamil Nadu, CHENNAI, PLOT 366 68(61/B FLAT NO. A-5	India
S1-329245082	S2-153096499	Source 2	Balaji International Pvt Ltd	Mewatipura, Bahraich, Uttar Pradesh, Bahraich, Near - Shyam Karan Awas	India	बालाजी इंटरनेशनल प्रा. लि.	MEWATIPURA, NEAR - SHYAM KARAN AWAS, BAHRAICH, Uttar Pradesh	India
S1-329245082	S3-622002143	Source 3	Balaji International Pvt Ltd	Mewatipura, Bahraich, Uttar Pradesh, Bahraich, Near - Shyam Karan Awas	India	बालाजी इंटरनेशनल प्रा. लि.	Bahraich, Mewatipura, Near - Shyam Karan Awas, UP, Bahraich	India
S1-988032499	S2-380725321	Source 2	Universal Logistics Private Limited	No.1, Ground Floor, Shyam Court Apartments Judge Jambulingam Street, Mylapore, Chen, Nai, Chennai, Tamil Nadu, No.19/16	India	Orbidova	19/16, MADRAS, CHENNAI, Tamil Nadu	India
S1-988032499	S2-344682095	Source 2	Universal Logistics Private Limited	No.1, Ground Floor, Shyam Court Apartments Judge Jambulingam Street, Mylapore, Chen, Nai, Chennai, Tamil Nadu, No.19/16	India	யுனிவர்சல் லாஜிஸ்டிக்ஸ் பிரைவேட் லிமிடெட்	NO 19/16, CHENNAI, Tamil Nadu	India
S1-988032499	S2-580435589	Source 2	Universal Logistics Private Limited	No.1, Ground Floor, Shyam Court Apartments Judge Jambulingam Street, Mylapore, Chen, Nai, Chennai, Tamil Nadu, No.19/16	India	யுனிவர்சல் லாஜிஸ்டிக்ஸ் பிரைவேட் லிமிடெட்	NO.19/16, MADRAS, CHENNAI, தமிழ்நாடு	India
S1-804760757	S2-902074772	Source 2	Forever Smart Pvt Ltd	Door No 4/273B, Fishing Harbour Road, Beypore, Kozhikode, Kerala	India	F0rever Snat Pvt Ltd	4/273B, BEYPORE, KOZHIKODE, Kerala	India
S1-357690932	S3-400272157	Source 3	Perfect Solutions Private Limited	Telangana, 35-3-307/1 Fci Colony, Warangal Urban, Hanamkonda, Hanamkanda	India	పర్‌ఫెక్ట్ సొల్యూషన్స్ ప్రైవేట్ లిమిటెడ్	35-3-307/1 Fci Coony, Hanamkanda, Hanamkonda, Warangal Urban, TG	India
S1-357690932	S3-860711501	Source 3	Perfect Solutions Private Limited	Telangana, 35-3-307/1 Fci Colony, Warangal Urban, Hanamkonda, Hanamkanda	India	Perfect సొల్యూషన్స్ ప్రైవేట్ లిమిటెడ్		India
S1-357690932	S3-3678758	Source 3	Perfect Solutions Private Limited	Telangana, 35-3-307/1 Fci Colony, Warangal Urban, Hanamkonda, Hanamkanda	India	Perfect Sólutions	TG, Hanamkonda, Hanamkanda, No 35-3-307/1 Fci Colony	India
S1-782194998	S3-368966531	Source 3	Golden Products Private Limited	Jk Star Homes, P. No. 6 F.No.202, Nagpur, Maharashtra	India	गोल्डन प्रोडक्ट्स प्राइवेट लिमिटेड	Jk Star Homse, Nagpur, MH	India
S1-782194998	S2-200615828	Source 2	Golden Products Private Limited	Jk Star Homes, P. No. 6 F.No.202, Nagpur, Maharashtra	India	गोल्डन प्रोडक्ट्स प्राइवेट लिमिटेड	NAGPUR, JK STAR HOMES, NAGPUR, Maharashtra	India
S1-782194998	S2-994050937	Source 2	Golden Products Private Limited	Jk Star Homes, P. No. 6 F.No.202, Nagpur, Maharashtra	India	गोल्डन प्रोडक्ट्स प्राइवेट लिमिटेड	NAGPUR, JK STAR HOMES, Maharashtra, NAGPUR	India
S1-719560574	S3-88763660	Source 3	Fortune Industries Limited	Plot No 72-A, S/F, Kh No 28/25/2 Kunwar Singh Nagar, Nangloi, Delhi, West Delhi, Delhi	India	Ectoriza d/b/a Fortune Industries Limited	Plot No 72-A, Delhi, S/F, Kh No 28/25/2 Kunwar Singh Nagar, Nangloi, West Delhi, Delhi	India
S1-719560574	S2-341513300	Source 2	Fortune Industries Limited	Plot No 72-A, S/F, Kh No 28/25/2 Kunwar Singh Nagar, Nangloi, Delhi, West Delhi, Delhi	India	फॉर्च्यून इंडस्ट्रीज लिमिटेड	PLOT NO #72-A, WEST DELHI, null, Delhi	India
S1-380986625	S2-95289513	Source 2	Shyam Energy Pvt Ltd	Marwadi Wadij D Ambedkar Marg Parel Village, Mumbai, Maharashtra	India	श्याम एनर्जी प्रा. लि.	MUMBAI, MARWADI WADIJ D AMBEDKAR MARG PAREL VILLAGE, MUMBAI, महाराष्ट्र	India
S1-30417317	S2-765750993	Source 2	Michaeline Carter, D.O., DDS PC	275 6100, Murray, UT	US	michaelinecarterdo.com	6100, MURRAY, UT	US
S1-765233993	S2-709189952	Source 2	Red Foods Limited	C/O Parvej Alam, Umrapur, Murshidabad, West Bengal	India	রেড ফুডস লিমিটেড	MURSHIDABAD, পশ্চিমবঙ্গ, C/O PARVEJ ALAM	India
S1-676352537	S3-347228218	Source 3	Binder Summit Inc	805 Capitol Street, Spencer, WV	US	bindersummit.com	West Virginia, Capitol St, Spencer	US
S1-537119099	S3-554001579	Source 3	DVH Land Private Limited	Shop C-5/662, Ist Floor, Shivpuri Patparganj Road, Krishna Nagar, Delhi, East Delhi, Delhi	India	dvhland.com	दिल्ली, Ist Floor, Shivpuri Patparganj Road, Krishna Nagar, Shop C-5/662, East Delhi	India
S1-656009890	S2-901981168	Source 2	Savera Medical Centre	Plot No.13, 14 & 15, 4Th Floor, Mobius Tower, Sjr I Park, Rd No.09, Kiadb Epip Zone, Krishnarajapuram Hobli, Bangalore, Karnataka	India	Solzephjax	POT NO.13, 14 & 15, 4TH FLOOR, MOBIUS TOWER, SJR I PARK, RD NO.09, KIADB EPIP ZONE, KRISHNARAJAPURAM HOBLI, BANGALORE, VARTHUR, ಕರ್ನಾಟಕ	India
S1-947475853	S3-366152158	Source 3	Economy Real Private Limited	Faridabad, Haryana, 557, Sector 15A, Escorts Nagar, Faridabad	India	Private Ec0nomy REAL Limited	557, Sector 15A, Escorts Nagar, Faridabad, HR	India
S1-930681701	S3-715921490	Source 3	Lakshmi City Technologies Pvt Ltd	Plot No 434, C1, Ground Floor, 23 Rd Street, Asthalakshmi Nagar, Alapakkam, Porur, Chennai, Tamil Nadu	India	லட்சுமி சிட்டி டெக்னாலஜீஸ் பிரைவேட் லிமிடெட்	No 434, Chennai, தமிழ்நாடு	India
S1-696803962	S2-744847545	Source 2	Anant Consultancy	Flat No. 204 Building 5, Kukreja Heritage, Pune City, Pune, Maharashtra	India	Anant Center	NO 00204 BUILDING 5, KUKREJA HERITAGE, PUNE CITY, Maharashtra	India
S1-696803962	S2-928987867	Source 2	Anant Consultancy	Flat No. 204 Building 5, Kukreja Heritage, Pune City, Pune, Maharashtra	India	ANANT CENTER	NO 00204 BUILDING 5, KUKREJA HERITAGE, PUNE CITY, महाराष्ट्र	India
S1-170202464	S2-459170314	Source 2	GA Designs Private Limited	Karnataka, Bangalore, Flat No-53, Bangalore, Hennagara Village, Anekal Taluk	India	GA-Designs Ptrivate Limited	FLAT NO-53, HENNAGARA VILLAGE, ANEKAL TALUK, BANGALORE, Karnataka	India
S1-910725772	S2-122075796	Source 2	Dynamic Estate	470, Gadchandur, Korpana, Chandrapur Chandur, Chandur, Chandrapur, Maharashtra	India	डायनामिक एस्टेट	#470, CHANDUR, CHANDRAPUR, Maharashtra	India
S1-910725772	S3-955645440	Source 3	Dynamic Estate	470, Gadchandur, Korpana, Chandrapur Chandur, Chandur, Chandrapur, Maharashtra	India	डायनामिक एस्टेट	470, Chandur, Chandrapur, MH	India
S1-817271547	S2-650816515	Source 2	Ss Consultants Private Limited	No.14 & 15, 2Nd Cross, Rajeev Nagar 1St Main East Of Ngef, Kasturinagar, Bangalore, Karnataka	India	ಎಸ್ಎಸ್ ಕನ್ಸಲ್ಟೆಂಟ್ಸ್ ಪ್ರೈವೇಟ್ ಲಿಮಿಟೆಡ್	BANGALORE URBAN, Karnataka, 2ND CROSS, RAJEEV NAGAR 1ST MAIN EAST OF NGEF, KASTURINAGAR, NO 14 & 15, BANGALORE	India
S1-660817610	S3-46087689	Source 3	Surat Ventures LLP	Gujarat, Surat, Nakshatra Heights, Near L P Savani School, Pal Road, A/804	India	Surat Vectedrs LLP	A/804, Nakshatra Heights, Near L P Savani School, Pal Road, Surat, Sunvali, GJ	India
S1-660817610	S2-200121538	Source 2	Surat Ventures LLP	Gujarat, Surat, Nakshatra Heights, Near L P Savani School, Pal Road, A/804	India	Surat  LLP Center	A/804, NAKSHATRA HEIGHTS, NEAR L P SAVANI SCHOOL, PAL ROAD, SURAT, Gujarat	India
S1-400205480	S3-882799018	Source 3	Corner Nails Group	Redding, CA, 4415 Honeycomb Way	US	Jaxnovi fka Corner Nails Group	4415 Honeycomb Way, Redding, CA	US
S1-997025290	S2-933969973	Source 2	First Industries Private Limited	Shop No 1, Thane, Maharashtra, Navi Mumbai, Sukhkarta C.H.S.Plot No - 30, Sector - 42, Seawoods ( West ), Nerul.	India	फर्स्ट इंडस्ट्रीज प्राइवेट लिमिटेड	NAVI MUMBAI, Maharashtra, SHOP NO 1, SUKHKARTA C.H.S.PLOT NO - 30, SECTOR - 42, SEAWOODS ( WEST ), NERUL., THANE	India
S1-997025290	S3-595421447	Source 3	First Industries Private Limited	Shop No 1, Thane, Maharashtra, Navi Mumbai, Sukhkarta C.H.S.Plot No - 30, Sector - 42, Seawoods ( West ), Nerul.	India	फर्स्ट इंडस्ट्रीज प्राइवेट लिमिटेड	#1, Thane, New Bombay, MH	India
S1-997025290	S3-712668333	Source 3	First Industries Private Limited	Shop No 1, Thane, Maharashtra, Navi Mumbai, Sukhkarta C.H.S.Plot No - 30, Sector - 42, Seawoods ( West ), Nerul.	India	M/s 1st Industries Private Limited	No 1, Navi Mumbai, New Bombay, महाराष्ट्र	India
S1-191560269	S2-321299931	Source 2	Green Tech Finance	178K, Dumari Ekhalas, Barmehia, Hetimpur, Deoria Sadar, Deoria, Uttar Pradesh	India	ग्रीन टेक फाइनेंस	DEORIA, 178K, DEORIA SADAR, Uttar Pradesh, DUMARI EKHALAS, BARMEHIA, HETIMPUR	India
S1-831272512	S3-141027315	Source 3	IW Business Ltd	4 /1, First Floor D.B. Gupta Road, Paharganj, Delhi, Central Delhi, Delhi	India	IW Búsiness Ltd	4 /1, Delhi, Central Delhi, DL	India
S1-58235594	S2-825275477	Source 2	Krishna Energy Limited	Shop No 7 Behind Saroha Properties Main G T Karnal Road Rai Tehsil Rai, Sonipat, Sonepat, Haryana	India	कृष्णा एनर्जी लिमिटेड	SONEPAT, SHOP NO 7 BEHIND SAROHA PROPERTIES MAIN G T KARNAL ROAD RAI TEHSIL RAI, Haryana, SONIPAT	India
S1-101445397	S2-864095982	Source 2	Al International Private Limited	1-98/3/5/23 To 27, Jubilee Enclave, Madhapur, Shaikpet, Hyderabad, Telangana	India	ALINTERNATIONAL.COM	###1-98/3/5/23 TO 27, SHAIKPET, HYDERABAD, తెలంగాణ	India
S1-294865850	S3-216244393	Source 3	Gold Industries Pvt Ltd	Ernakulam, Ambatt House Church Road, Kerala, Aluva	India	Gold Inuldrsi Pvt Ltd		India
S1-294865850	S2-525909767	Source 2	Gold Industries Pvt Ltd	Ernakulam, Ambatt House Church Road, Kerala, Aluva	India	Pvt G0ld Ltd Industries	AMBATT HOUSE CHURCH ROAD, ALUVA, ERNAKULAM, Kerala	India
S1-214569401	S3-722029438	Source 3	Jhilmil Dee Private Limited	Vignesh Apartments, Venkatesh Nagar, Extn Ii, Chennai City Corporation, Tamil Nadu, Chennai, 50/4	India	jhilmildeeprivate.com	H.no C-555 50/4, Chennai City Corporation, Chennai, தமிழ்நாடு	India
S1-261857753	S2-882166907	Source 2	Solutions Gk Industries Private Limited	Plot No- 58, 59 F/F Flat No-9 Nidhi Vihar Vipin Garden, Uttam Nagar, Delhi, South West Delhi, Delhi	India	Solutions Gk Industries Private Ltd	PLOT NO- #58, 59 F/F FSAT NO-9 NIDHI VIHAR VIPIN GARDEN, UTTAM NAGAR, DELHI, दिल्ली	India
S1-447452795	S2-995233298	Source 2	Blue Network Corporation	177 1st Avenue, Nashville, TN	US	The Blue Netw0rk Corporation	177 1TH AVENUE, NASHVILLE, TN	US
S1-124149196	S3-138124067	Source 3	Shakti Care Private Limited	H.No:3-244/B, Panchayathi Bazar, Panguluru Mandal, Panguluru, Ongole, Prakasam, Andhra Pradesh	India	shakticare.com	ఆంధ్రప్రదేశ్, H.no:5-244/b, Panchayathi Bazar, Panguluru Mandal, Panguluru, Prakasam	India
S1-124149196	S2-951463245	Source 2	Shakti Care Private Limited	H.No:3-244/B, Panchayathi Bazar, Panguluru Mandal, Panguluru, Ongole, Prakasam, Andhra Pradesh	India	శక్తి కేర్ ప్రైవేట్ లిమిటెడ్	H.NO:3-244/B, ONGOLE, PRAKASAM, Andhra Pradesh	India
S1-751987862	S3-590820526	Source 3	Raymond Ubs Inc	315 Casad Avenue, Bremerton, WA	US	Ramtond  Ubs Inc	Washington, Bremerton, 315 Casad Ave	US
S1-25465737	S2-820578719	Source 2	Anand Investments Pvt Ltd	10Th Floor, Level 13Th, Module 4, 21/22, Olympia Cyberspace, Alandur Road, Arulaiyammanpet, Guindy, Chennai City Corporation, Chennai, Tamil Nadu	India	ஆனந்த் இன்வெஸ்ட்மெண்ட்ஸ் பிரைவேட் லிமிடெட்	10TH FLOOR, CHENNAI CITY CORPORATION, CHENNAI, Tamil Nadu	India
S1-25465737	S3-524564712	Source 3	Anand Investments Pvt Ltd	10Th Floor, Level 13Th, Module 4, 21/22, Olympia Cyberspace, Alandur Road, Arulaiyammanpet, Guindy, Chennai City Corporation, Chennai, Tamil Nadu	India	Anand Pvt Ltd Center	10Th Floor, Chennai City Corporation, Chennai, TN	India
S1-778406217	S2-296917896	Source 2	Perideon Renaissancere LLC	2711 127th Street, Omaha, NE	US	LLC Perideon Rénaissancere	2711C 127TH ST, OMHAA, NE	US
S1-470655637	S3-445038064	Source 3	O 8 Unified West	35 Lee Street, Unit 3, Cambridge, MA	US	Gildveo	Massachusetts, # 3, Cambridge, 35 Lee Saint	US
S1-706591604	S3-152286696	Source 3	Agra Innovations Private Limited	Plot No.- 834 Paschimpuri Colony, Agra, Uttar Pradesh	India	Agra Ionnaovations Private Limited	Agra, UP, Agra, #879 Plot No.- 834 Paschimpuri Colony	India
S1-956036039	S3-431605817	Source 3	Hotel Infra	6/A 68/2 Adtplace Garh Road, Meerut, Uttar Pradesh	India	होटल इंफ्रा	Door No 6/A 68/2 Adtplace Garh Road, Meerut, UP	India
S1-964798872	S3-701496578	Source 3	Black Developers Limited	Plot No.78, 1St Floor, Dahanukarwadi, Datt Mandir Cross Road, Kandivali(West), Mumbai, Maharashtra	India	ब्लैक डेवलपर्स लिमिटेड	MH, Mumbai, Kandivali(west), Plot No.##78	India
S1-923771185	S3-432857125	Source 3	Ujjaendra Globetrade Private Limited	Street No. 15/B, Bhai Mati Das Nagar, Bathinda, Punjab	India	Ujjaendra Glnobecore Private Limited	Street No. 15/B, Bathinda, Kotfatta, PB	India
S1-15935570	S3-850083807	Source 3	Cornerstone Fast L.L.C.	425 Mill Street, Colton, CA	US	C0rnerstone Fast [L.L.C.]	Colton, 425. Mill Saint, California	US
S1-934205980	S2-472804668	Source 2	Schwartz Patriot Clearthink Inc.	5664 Snail Shell Cave Road, Rockvale, TN	US	schwartzpatriotclearthink.com	ROCKVALE, TN, 5664 SNAIL SHELL CAVE RD	US
S1-455074812	S2-810454652	Source 2	Hofbauer, Leeann C., P.A.	1520 Monroe Street, Shelton, WA	US	H0FBAUER, LEEANN C., [P.A.]	WA, 01520 MONROE STREET, SHELTN	US
S1-695764607	S2-954498802	Source 2	Balaji Projects Private Limited	H No 10-6-152/2, Hyderabad, Telangana, Hyderabad, Road No 7, Sai Nagar Colony	India	బాలాజీ ప్రాజెక్ట్స్ ప్రైవేట్ లిమిటెడ్	తెలంగాణ, ROAD NO 7, SAI NAGAR COLONY, HYDERABAD, H NO 10-6-152/2, HYDERABAD	India
S1-108761159	S2-923465011	Source 2	Goldfield Finmark Private Limited	Tamil Nadu, Madurai, Peraiyur, Govt Hospital Near, Elumalai, 1-5-9/1 C	India	Go1dfield Finmark Limited Center	#1-5-9/1 C, GOVT HOSPITAL NEAR, ELUMALAI, PERAIYUR, MADURAI, Tamil Nadu	India
S1-774875542	S3-136044391	Source 3	Heartland Coalition VI Inc	3240 31st Street, Cleveland, OH	US	hcvi.com	03236 31rd St, Cleveland, Ohio	US
S1-756153272	S3-802490649	Source 3	Pioneer Software Limited	Survey No. 222/1, Cherlapally Road Ecil Post, Hyderabad, Telangana	India	Pioneer Limited Partners		India
S1-756153272	S2-874383289	Source 2	Pioneer Software Limited	Survey No. 222/1, Cherlapally Road Ecil Post, Hyderabad, Telangana	India	పయనీర్ సాఫ్ట్‌వేర్ లిమిటెడ్	#22/1, CHERLAPALLY ROAD ECIL POST, HYDERABAD, null, Telangana	India
S1-873112061	S2-869675378	Source 2	ZS Horizon Storage Inc	6962 Tahoe Way, Fontana, CA	US	ZS HOBIRIZION STORAGE INC		US
S1-466324145	S3-731811053	Source 3	P & L Rexford	1427 136th Street, Glenpool, OK	US	P & L	1427b 136nd St, Glenpool, Oklahoma	US
S1-466324145	S3-341846202	Source 3	P & L Rexford	1427 136th Street, Glenpool, OK	US	P & L REXF0RD	136nd Street, Glenpool, Oklahoma	US
S1-915035258	S3-620318731	Source 3	Womens Health Ace Physicians LLC	Sioux Falls, SD, 6608 Hawker Circle	US	Womens	6608 Hawker Circle, Sioux Falls, SD	US
S1-915035258	S2-732099594	Source 2	Womens Health Ace Physicians LLC	Sioux Falls, SD, 6608 Hawker Circle	US	WOMENSHEALTHACECOM	6608 HAWKER CIRCLE, SIOUX FALLS, SD	US
S1-193682202	S3-293469310	Source 3	Shree East Energy Private Limited	1002-B, Millennium Plaza, Sector-27, Gurugram, Gurgaon, Haryana	India	श्री ईस्ट एनर्जी प्राइवेट लिमिटेड	Gurgaon, Gurugram, Millennium Plaza, Sector-27, हरियाणा, 1002-B	India
S1-193682202	S3-611436214	Source 3	Shree East Energy Private Limited	1002-B, Millennium Plaza, Sector-27, Gurugram, Gurgaon, Haryana	India	श्री ईस्ट एनर्जी प्राइवेट लिमिटेड	1002-B, Gurugram, Gurgaon, HR	India
S1-426790673	S3-745660534	Source 3	Jiya Researchprivate Ltd	Plot No.- 52, Saheed Nagar, Bhubaneswar, Khordha, Orissa	India	Jiya Ltd-Center		India
S1-559824041	S3-781911032	Source 3	Northern Nasdaq Inc	12409 Woodland Avenue, Avondale, AZ	US	N0rthern Ntgdaq Inc	Woodland Avenue, Avondael, Arizona	US
S1-508931463	S2-738479992	Source 2	Smart Tech Private Limited	H. No. 1574, Sector 9-11 Near Vita Milk Booth, Hisar, Hisar, Hissar, Haryana	India	स्मार्ट टेक प्राइवेट लिमिटेड	Haryana, 1574, HISAR, HISSAR, SECTOR 9-11 NEAR VITA MILK BOOTH, HISAR	India
S1-508931463	S2-224450087	Source 2	Smart Tech Private Limited	H. No. 1574, Sector 9-11 Near Vita Milk Booth, Hisar, Hisar, Hissar, Haryana	India	स्मार्ट टेक प्राइवेट लिमिटेड	H. NO. 1574, HISAR, Haryana, HISSAR, SECTOR 9-11 NEAR VITA MILK BOOTH, HISAR	India
S1-105306936	S2-319145652	Source 2	Orient Nidhi Pvt Ltd	Opp. Astha Sangrila, 150 Feet Ring Road, Ronki, Rajkot., Gujarat, C/O Vmk Associates Llp, Rajkot	India	Pvt 0rient Nidhi Ltd	C/O VMK ASSOCIATES LLP, OPP. ASTHA SANGRILA, 150 FEET RING ROAD, RONKI, RAJKOT., RAJKOT REGION, ગુજરાત	India
S1-105306936	S3-874426562	Source 3	Orient Nidhi Pvt Ltd	Opp. Astha Sangrila, 150 Feet Ring Road, Ronki, Rajkot., Gujarat, C/O Vmk Associates Llp, Rajkot	India	0rient Nidhi Pvt	GJ, C/o Vmk Associates Llp, Rajkot	India
S1-504021426	S2-335839114	Source 2	Vinni's Electric LLC	1817 Maryland Avenue, Topeka, KS	US	vinniselectric.com	TOPEKA, 1817 MARYLAND AVE, KS	US
S1-542212653	S3-810398590	Source 3	Power Group of Companies LLP	5, Saiapartment, 2458Bmangalwarpeth, Kolhapur, Maharashtra	India	Power Group Of LLP Center	Hn 626 5, Kolhapur, MH	India
S1-201840607	S3-401168929	Source 3	Kay Producer Ltd	Oid No 104, New No 215, Linghi Chetty Street, Chennai, Tamil Nadu	India	kayproducer.com	Harbour, New No 215, Linghi Chetty Street, Chennai, Oid No 104, தமிழ்நாடு	India
S1-201840607	S2-660138712	Source 2	Kay Producer Ltd	Oid No 104, New No 215, Linghi Chetty Street, Chennai, Tamil Nadu	India	LUMLYRADOVA	Tamil Nadu, CHENNAI, OID NO 104, NEW NO 215, LINGHI CHETTY STREET, MADRAS	India
S1-436508509	S3-817904086	Source 3	Ace Agro Private Limited	Sf-2 & 4 S/F, Rishabh, Ipex Mall, Csc Patparganj, East Delhi, Delhi	India	एस एग्रो प्राइवेट लिमिटेड	Sf-002 & 4 S/f, East Delhi, DL	India
S1-74586788	S3-398419860	Source 3	Ummed Traders Pvt. Ltd.	No.76, K.N 51, 16Th Main Road, New Mico Layout, Hongasandra Village, Bangalore South, Bangalore Rural, Karnataka	India	Ummed Pvt. Ltd. Partners	No.76, Bangalore South, Bangalore Rural, ಕರ್ನಾಟಕ	India
S1-565771540	S3-69924107	Source 3	Bharat Consultants Limited	N-42, Basement, Kirti Nagar, New Delhi, New Delhi, West Delhi, Delhi	India	भारत कंसल्टेंट्स लिमिटेड	N-42, New Delhi, West Delhi, दिल्ली	India
S1-360104744	S3-981337425	Source 3	My Technology Private Limited	51, Manoj Industrial Estate, 5Th Floor, G.D. Ambekar Marg, Wadala, Mumbai, Maharashtra	India	Private My Techno1ogy Limited	Hn 939 51, Mumbai Ii, MH	India
S1-360104744	S3-32118495	Source 3	My Technology Private Limited	51, Manoj Industrial Estate, 5Th Floor, G.D. Ambekar Marg, Wadala, Mumbai, Maharashtra	India	माय टेक्नोलॉजी प्राइवेट लिमिटेड	Hn 939 51, Mumbai Ii, MH	India
S1-490862299	S3-168160142	Source 3	Krishna Infotech Pvt Ltd	62 A First Main Roadwillinudon Island Ernakulam, Cochin, Idukki, Kerala	India	കൃഷ്ണാ ഇൻഫോടെക് പ്രൈവറ്റ് ലിമിറ്റഡ്	KL, Cochin, 62. A First Main Roadwillinudon Island Ernakulam, Idukki	India
S1-375515265	S3-95891522	Source 3	K 8 Y Mobile LLC	329 6th Street, Duluth, MN	US	Halozetaumbra formerly known as K 8 Y Mobile LLC	MN, Duluth, 329 6th Street	US
S1-275561155	S2-916990034	Source 2	Zephify Central LLC	219 5th Street, West Liberty, IA	US	Zephify Cenrteal LLC	IA, 219 1/2 5nd Street, WEST LIBERTY	US
S1-173322839	S2-191820805	Source 2	Hill Dental Associates	908 Rockford Road, Unit SUITE E, Ardmore, OK	US	Hill Déntal-(Associates)	908 RCKFORD RD, ARDMORE, OK	US
S1-299035945	S3-48929101	Source 3	Surgical Safe Medicine Inc	107 38th Street, Belleville, IL	US	surgicalsafemedicine.com | [www.surgicalsa.com]	107 38st St, Belleville, Illinois	US
S1-773794090	S3-612179430	Source 3	North Estate Private Limited	Chennai, Tamil Nadu, No.21, S-5, Vvs Malligai Apartments, Dura Iarasan Street, Kaveri Nagar, Saligramam, Chennai	India	நார்த் எஸ்டேட் பிரைவேட் லிமிடெட்	No.#21, S-5, Vvs Malligai Apartments, Dura Iarasan Street, Kaveri Nagar, Saligramam, Chennai, TN	India
S1-773794090	S2-418407785	Source 2	North Estate Private Limited	Chennai, Tamil Nadu, No.21, S-5, Vvs Malligai Apartments, Dura Iarasan Street, Kaveri Nagar, Saligramam, Chennai	India	நார்த் எஸ்டேட் பிரைவேட் லிமிடெட்	NO.21, S-5, VVS MALLIGAI APARTMENTS, DURA IARASAN STREET, KAVERI NAGAR, SALIGRAMAM, CHENNAI, Tamil Nadu	India
S1-773794090	S2-48726419	Source 2	North Estate Private Limited	Chennai, Tamil Nadu, No.21, S-5, Vvs Malligai Apartments, Dura Iarasan Street, Kaveri Nagar, Saligramam, Chennai	India	நார்த் எஸ்டேட் பிரைவேட் லிமிடெட்	தமிழ்நாடு, CHENNAI, DOOR NO 21, CHENNAI	India
S1-866184445	S3-722390786	Source 3	Flora & Co	P/10, Cluster Iv, Saltklake, North 24 Parganas, West Bengal	India	Fbcrra & Co	P/12, Cluster Iv, North 24 Parganas, Saltklake, WB	India
S1-125961849	S3-684814319	Source 3	New Apex Engineering	Maharashtra, Pco Booth, R B Chandoorkar Marg, Saat Rasta, Agripada, Jacob Circle, Mumbai, Floor-Grd, Mumbai City	India	*** Newapexengineering.Com	Floor-grd, Mumbai, Mumbai City, MH	India
S1-125961849	S2-868792989	Source 2	New Apex Engineering	Maharashtra, Pco Booth, R B Chandoorkar Marg, Saat Rasta, Agripada, Jacob Circle, Mumbai, Floor-Grd, Mumbai City	India	न्यू एपेक्स इंजीनियरिंग	BLOCK B-285 FLOOR-GRD, PCO BOOTH, R B CHANDOORKAR MARG, SAAT RASTA, AGRIPADA, JACOB CIRCLE, MUMBAI CITY, MUMBAI, महाराष्ट्र	India
S1-502542662	S3-434534279	Source 3	Amron Finance	H.No.43, Om Shree Green Homes Phase-1 Shamshabad Road, Kalika Nagla, Agra, Uttar Pradesh	India	Amron (Services)		India
S1-252183489	S3-173286135	Source 3	Tolly Producer	B-1865 Shastri Nagar, New Delhi, North Delhi, Delhi	India	Tolly Prodsdecr	DL, New Delhi, North Delhi, B-c-1865 Shastri Nagar	India
S1-129074534	S2-716769531	Source 2	Global Estate Pvt Ltd	Flat No. 143, Gali No.4, Bank Colony Mandoli, Delhi, North East, Delhi	India	ग्लोबल एस्टेट प्रा. लि.	Delhi, NEW DELHI, FLAT NO. 143	India
S1-129074534	S2-875940439	Source 2	Global Estate Pvt Ltd	Flat No. 143, Gali No.4, Bank Colony Mandoli, Delhi, North East, Delhi	India	ग्लोबल एस्टेट प्रा. लि.	DELHI, SHAHDARA, H.NO 143, Delhi	India
S1-129074534	S2-657619281	Source 2	Global Estate Pvt Ltd	Flat No. 143, Gali No.4, Bank Colony Mandoli, Delhi, North East, Delhi	India	ग्लोबल एस्टेट प्रा. लि.	DOOR NO 143, SHAHDARA, NORTH EAST, Delhi	India
S1-764601053	S2-72086102	Source 2	Ns Technologies Private Limited	Sitamarhi, Plot No-38, Vill-Ganeshpur Babhangawan, Tola And Panch-Ganeshpur, Babhangawan, Block Riga, C/O Asarfi Das, Bihar	India	Private Ns Techno1ogies Limited	C/O ASARFI DAS, PLOT NO-38, VILL-GANESHPUR BABHANGAWAN, TOLA AND PANCH-GANESHPUR, BABHANGAWAN, SITAMARHI, BLOCK RIGA, Bihar	India
S1-727757471	S3-895505733	Source 3	Ace Agro Private Limited	C/O Elagaan Biztech Labs, 3Rd Floor, 166 Arekere Mico Layout, Bannerghatta Road, Bangalore, Karnataka	India	ಏಸ್ ಅಗ್ರೋ ಪ್ರೈವೇಟ್ ಲಿಮಿಟೆಡ್	Bangalore, KA, null, H.no 55 C/o Elagaan Biztech Labs	India
S1-782314317	S3-95158768	Source 3	Palam Vihar Liability Private Limited	Haryana, House No 2, Block H 1, Palam Vihar Extn, Palam Vihar, Gurgaon	India	palamviharliability.com	Door No 474 House No 2, Block H 1, Palam Vihar Extn, Gurugram, Gurgaon, HR	India
S1-997448239	S3-500880952	Source 3	Cave Creek Cascade Liquor LLC	30424 64th Street, Cave Creek, AZ	US	@cavecreek	Arizona, Cave Creek, 30424-30426 64th St	US
S1-620307190	S2-600425681	Source 2	Lucknow Marketing Corporation	D-2253, Block - D, Indira Nagar, Lucknow, Uttar Pradesh	India	Corporation Lucknow Markeding	LUCKNOW-II, BLOCK - D, INDIRA NAGAR, D-2253, Uttar Pradesh, LUCKNOW	India
S1-595490897	S2-998115077	Source 2	Office of Buildings	NY, Johnstown, 505 Perry Street	US	obuildings.com	505 PERRY STREET, JOHNSTOWN, NY	US
S1-595490897	S2-629188703	Source 2	Office of Buildings	NY, Johnstown, 505 Perry Street	US	OFFICE OF BUILDING	505 PERRY STREET, JOHNSTOWN, NY	US
S1-312821269	S3-423599766	Source 3	Amber	Unit 83B, MA, Marlborough, 15 Dickenson Way	US	Ámber	15 Dickenson Way, # 83B, Marlborough, Massachusetts	US
S1-968916211	S3-685730604	Source 3	Hari Producer Private Limited	204(Vr-28)Sf, Corporate House, Anubhuti Commercial Complex Opp:Torrent House, Income Tax, Ahmedabad, Gujarat	India	હરિ પ્રોડ્યુસર પ્રાઇવેટ લિમિટેડ	GJ, Ahmedabad, Corporate House, Anubhuti Commercial Complex Opp:torrent House, Income Tax, Ahmedabad, 204(Vr-28)Sf	India
S1-968916211	S2-92240294	Source 2	Hari Producer Private Limited	204(Vr-28)Sf, Corporate House, Anubhuti Commercial Complex Opp:Torrent House, Income Tax, Ahmedabad, Gujarat	India	હરિ પ્રોડ્યુસર પ્રાઇવેટ લિમિટેડ	H.NO 873 204(VRD28)SF, AHMADABAD, ગુજરાત	India
S1-451533800	S3-566246408	Source 3	Hajek, Violetta, D.C., P.C.	1303 Garner Avenue, Schenectady, NY	US	Hajek, Vi0letta, D.C., P.C.	Garner Avenue, Schenecttady, New York	US
S1-451533800	S3-42060500	Source 3	Hajek, Violetta, D.C., P.C.	1303 Garner Avenue, Schenectady, NY	US	hajekviolettadc.com	1451 Garner Ave, Schenecttady, New York	US
S1-611040134	S3-548489509	Source 3	East Prime Circle LP	Douglas County, NE, 16009 Fowler Avenue	US	East Príme	#16009 Fowler Avenue, Douglas County, Nebraska	US
S1-787160070	S2-332119042	Source 2	Big Parking Private Limited	Building No 17/1187, Kuttippuram, Malappuram, Malapuram, Kerala	India	Dr Big Párking Private Limited		India
S1-929645864	S3-478140237	Source 3	Red Bakery	Chesterfield County, 4623 Stoney Creek Parkway, VA	US	redbakery.com	4623 Stoney Creek Parkway, Chester, Virginia	US
S1-929645864	S2-599183118	Source 2	Red Bakery	Chesterfield County, 4623 Stoney Creek Parkway, VA	US	#redbakery	4623 STONEY CREEK PKWY, CHESTERFIELD COUNTY, VA	US
S1-929645864	S2-487495125	Source 2	Red Bakery	Chesterfield County, 4623 Stoney Creek Parkway, VA	US	redbakery.com	4623 STONEY CREEK PARKWAY, VA, CHESTER	US
S1-386624392	S2-829931034	Source 2	Stuck Athene	86 Tower Street, MA, Boston	US	STUCK ÁTHENE	TOWER ST, JAMAICAP LAIN, MA	US
S1-386624392	S2-306541407	Source 2	Stuck Athene	86 Tower Street, MA, Boston	US	Stuck (Athee)		US
S1-501408163	S2-730319724	Source 2	Green Management Private Limited	Haryana, Sadar Bazar, Gurgaon, Sector-38, Plot No. 31P	India	ग्रीन मैनेजमेंट प्राइवेट लिमिटेड	PLOT NO. 31P, SADAR BAZAR, GURUGRAM SECTOR X, Haryana	India
S1-501408163	S2-995979802	Source 2	Green Management Private Limited	Haryana, Sadar Bazar, Gurgaon, Sector-38, Plot No. 31P	India	ग्रीन मैनेजमेंट प्राइवेट लिमिटेड	DOOR NO 31P, SECTOR-38, GURGAON, GURUGRAM SECTOR X, Haryana	India
S1-160989036	S2-666284679	Source 2	R+ Hudson LLC	3840 Saltwell Road, Bridgeport, WV	US	R+ Hisdion LLC		US
S1-88290738	S3-584863908	Source 3	Trichur Security LLP	31/23 3 Effermint Housewestfort Road Poonkunnam, Trichur, Thrissur, Kerala	India	LLP Trichur Seudcricyt	Thrissur, Keralam, Trichur, G-31/23 3 Effermint Housewestfort Road Poonkunnam	India
S1-120703157	S3-13513119	Source 3	Lakshmi Solutions Private Limited	No.32/362, Gandhinagar, West Gudur, Gudur, Nellore, Andhra Pradesh	India	లక్ష్మి సొల్యూషన్స్ ప్రైవేట్ లిమిటెడ్	Kurnool, Nellore, AP, Gandhinagar, West Gudur, No.32/362	India
S1-54276647	S3-706464695	Source 3	Parmar Engineering	Flat No 101, Panchsheel Lane No. 14 Prabhat Road-Income Tax Office Lane 42/16, Erandwane, Pune City, Pune, Maharashtra	India	Parmar Enginerifg	Flat No 10, Pune, Pune City, महाराष्ट्र	India
S1-365397150	S3-41260063	Source 3	Gutierrez Legacy Hovnanian Inc.	TX, Stephenville, 1423 Glenwood Drive	US	gutierrezlegacyhovnanian.com	1423 Glenwood Dr, Stephenville, Texas	US
S1-975845552	S3-150891533	Source 3	Ambience Mental Pvt. Ltd.	Unit No 14 Ground Flr B Wing Girkunj Industrial Estate, M C Road Andheri E, Mumbai, Maharashtra	India	Umbraectoxylo	Mumbai, M C Road Andheri E, Maharashtra, Unit No 14 Ground Flr B Wing Girkunj Industrial Estate	India
S1-728282539	S2-499138211	Source 2	Complete Nutrition Dynamics LLC	310 Rosebrook Drive, Gallatin, TN	US	COMPLETE NÚTRITION		US
S1-62610003	S2-955561109	Source 2	Infinite Services	Plot No 363/3240, Lane No -2, Mahadev Nagar, Jharpada, Laxmisagar, Bhubaneswar, Khordha, Orissa	India	SOLDREX	DOOR NO 363/3240, BHUBANESWAR, Odisha	India
S1-326461499	S3-622551534	Source 3	Apex Impex Private Limited	# 22, 2Nd Floor, Unit Ii-B-1, 7Th Main Road, Subbainna Palya, Banaswadi, Bengaluru, Bangalore, Karnataka	India	Apex ಇಂಪೆಕ್ಸ್ Private Limited	H.no 22, Bangalore, KA	India
S1-785228426	S3-212257547	Source 3	Galaxy Infrastructure Limited	Aaraji No 6980/5, Mangalpura Road, In Front Of Surya Texfab Private Limited, Bhilwara, Rajasthan	India	Mr Galaxy Galaxy Ínfrastructure Limited		India
S1-263935667	S3-656884067	Source 3	A Anchor Imperial LLC	10491 T Street, Newkirk, OK	US	A Anchor LLC  Center	T Street, Newkirk, Oklahoma	US
S1-263935667	S3-952164188	Source 3	A Anchor Imperial LLC	10491 T Street, Newkirk, OK	US	A Anchor-Imterifl LLC	Newkirk, T Street, Oklahoma	US
S1-263935667	S3-132526224	Source 3	A Anchor Imperial LLC	10491 T Street, Newkirk, OK	US	LLC A Anch0r Imperia1	T St, Newkirk, Oklahoma	US
S1-413285937	S3-167597275	Source 3	Manbhum (India) Luxury Ltd	Thane, B/37 Flarence House Padwalnagar Wagle Estate, Maharashtra	India	Evozeph	B/037 Flarence House Padwalnagar Wagle Estate, Thane, MH	India
S1-879586789	S3-661450409	Source 3	Oncology Best Care	4245 12th Avenue, Fargo, ND	US	Cobest.Com	#4245 12rd Avenue, Fargo, North Dakota	US
S1-759998844	S3-295149126	Source 3	Jesselyn Hail Bce Inc	236 Monroe Avenue, Bradley, IL	US	jesselynhailbce.com	Bradley, 234 Monroe Avenue, Illinois	US
S1-17729431	S3-805077120	Source 3	RAR Liability LLP	Plot No. An-13 & 14, Yeota Road, Near Kumbhari Lake, Midc Phase 4, Akola, Akola, Maharashtra	India	RAR Líability LLP	Plot No. An-13 & 14, Akola, MH	India
S1-17729431	S3-813887455	Source 3	RAR Liability LLP	Plot No. An-13 & 14, Yeota Road, Near Kumbhari Lake, Midc Phase 4, Akola, Akola, Maharashtra	India	Evovantage	Akola, Yeota Road, Near Kumbhari Lake, Midc Phase 4, Akola, Maharashtra, Plot No. An-13 & 14	India
S1-32258992	S2-936670758	Source 2	Life Services	12, Ras Vihar Appartments, I. P. Extension, Patpar Ganj, Delhi	India	लाइफ सर्विसेज	BLOCK E-878 12, SHAHDARA, DELHI	India
S1-32258992	S3-652946334	Source 3	Life Services	12, Ras Vihar Appartments, I. P. Extension, Patpar Ganj, Delhi	India	लाइफ सर्विसेज	##12, Delhi, Patpar Ganj, DL	India
S1-124739814	S2-188290370	Source 2	Sonu Pharmaceuticals Private Limited	C/O Daimuddin Miya, West Ghughumari, Cooch Behar - I, Cooch Behar, West Bengal	India	Sonu Phrmanetials Private Limited	C/O DAIMEDDIN MIYA, WEST GHUGHUMARI, COOCH BEHAR - I, পশ্চিমবঙ্গ	India
S1-388310706	S3-621008747	Source 3	Platinum Marketing Global Inc.	37 Grace Street, Lowell, MA	US	Platinum Márketing	Lowell, Massachusetts, PMB 8161, 37 Grace Street	US
S1-796756784	S3-537091040	Source 3	Smothers Atlantic Beauty Inc	44 Ramble Avenue, Unit Unit 5, Chautauqua, NY	US	5mothers Atlantic Bearuty Inc	# Unit 5, Ramble Avenue, New York, Chautauqua	US
S1-349460457	S3-25266492	Source 3	East Technology Private Limited	Yunus Beg S/O Bashe Beg Nai Bazar Bhinga, Bahraich, Shravasti, Uttar Pradesh	India	ET	Shravasti, Uttar Pradesh, Bahraich, Yunus Beg S/O Bashe Beg Nai Bazar Bhinga	India
S1-901534791	S2-186707550	Source 2	Titanic Advisors	Old No.12 New No..31 Murugesan Road T. Nagar, Chennai, Tamil Nadu	India	Titanic  Partners	DOOR NO 12 NEW NO..31 MURUGESAN ROAD T. NAGAR, CHENNAI, Tamil Nadu	India
S1-901534791	S3-404443721	Source 3	Titanic Advisors	Old No.12 New No..31 Murugesan Road T. Nagar, Chennai, Tamil Nadu	India	titanicadvisors.com	Chennai, #012 New No..31 Murugesan Road T. Nagar, TN, Chennai	India
S1-901534791	S3-593284325	Source 3	Titanic Advisors	Old No.12 New No..31 Murugesan Road T. Nagar, Chennai, Tamil Nadu	India	titanicadvisors.com	Chennai, Old No.012 New No..31 Murugesan Road T. Nagar, TN, Chennai	India
S1-325938719	S3-750573259	Source 3	Pioneer Raj It Private Limited	49 Vadilal Parkopp Indica Laboratory Lalbahadur Shastri Road, Ahmedabad, Gujarat	India	પાયોનિયર રાજ આઈટી પ્રાઇવેટ લિમિટેડ	Ahmedabad, ગુજરાત, Ahmedabad, 49 Vadilal Parkopp Indica Laboratory Lalbahadur Shastri Road	India
S1-495662495	S3-765088900	Source 3	Smart Institute	44, F/F, Gali No-1, Village Khichri Pur Near Kendriya Vidyalaya Gate No-2, New Delhi, East Delhi, Delhi	India	Smt Smart Service		India
S1-49194088	S2-67439058	Source 2	Raj Agro Private Limited	29, Free Press House, 215, Free Press Journal Marg, Nariman Po, Int, Mumbai, Maharashtra	India	राज एग्रो प्राइवेट लिमिटेड	##29, INT, Maharashtra	India
S1-49194088	S2-593218489	Source 2	Raj Agro Private Limited	29, Free Press House, 215, Free Press Journal Marg, Nariman Po, Int, Mumbai, Maharashtra	India	राज एग्रो प्राइवेट लिमिटेड	##29, Maharashtra, INT	India
S1-717593731	S3-531835832	Source 3	Apex Projects Private Limited	1, British Indian Street 2Nd Floor, Kolkata, Kolkata, Howrah, West Bengal	India	অ্যাপেক্স প্রজেক্টস প্রাইভেট লিমিটেড	Polt 417 1, Howrah, Kolkata, WB	India
S1-717593731	S2-285237744	Source 2	Apex Projects Private Limited	1, British Indian Street 2Nd Floor, Kolkata, Kolkata, Howrah, West Bengal	India	অ্যাপেক্স প্রজেক্টস প্রাইভেট লিমিটেড	KOLKATA, D/1, West Bengal	India
S1-769795724	S2-383496669	Source 2	Balaji Finance Private Limited	R1/149/1/191/2, Shop No5, Old Ausa Road, Krushnalay, Latur, Maharashtra	India	बालाजी फाइनेंस प्राइवेट लिमिटेड	R1/149/1/191/2, LATUR, महाराष्ट्र	India
S1-80290220	S3-812939287	Source 3	Black Marketing	Maharashtra, Mumbai, 301, Mumbai, 3Rd Floor, Smita Building, Rb Mehta Marg, Ghatkopar East	India	Black Center	MH, Mumbai, 3Rd Floor, Smita Building, Rb Mehta Marg, Ghatkopar East, 91 301, Mumbai	India
S1-80290220	S2-464126426	Source 2	Black Marketing	Maharashtra, Mumbai, 301, Mumbai, 3Rd Floor, Smita Building, Rb Mehta Marg, Ghatkopar East	India	ब्लैक मार्केटिंग	301, 3RD FLOOR, SMITA BUILDING, RB MEHTA MARG, GHATKOPAR EAST, BOMBAY, MUMBAI, Maharashtra	India
S1-80290220	S2-65778848	Source 2	Black Marketing	Maharashtra, Mumbai, 301, Mumbai, 3Rd Floor, Smita Building, Rb Mehta Marg, Ghatkopar East	India	Black Services	301, 3RD FLOOR, SMIEA BUILDING, RB MEHTA MARG, GHATKOPAR EAST, MUMBAI, Maharashtra	India
S1-80290220	S2-70318112	Source 2	Black Marketing	Maharashtra, Mumbai, 301, Mumbai, 3Rd Floor, Smita Building, Rb Mehta Marg, Ghatkopar East	India	Black Márketing	महाराष्ट्र, 301, 3RD FLOOR, SMITA BUILDING, RB MEHTA MARG, GHATKOPAR EAT, MUMBAI	India
S1-80290220	S2-748772057	Source 2	Black Marketing	Maharashtra, Mumbai, 301, Mumbai, 3Rd Floor, Smita Building, Rb Mehta Marg, Ghatkopar East	India	blackmarketing.com	301, 3RD FLOOR, SMITA BUILDING, RB MEHTA MARG, GHATKOPAR EAST, MUMBAI, Maharashtra	India
S1-354912199	S2-139454299	Source 2	Pavani Residency New Town Yelahanka Sankar Limited	Karnataka, Pavani Residency New Town Yelahanka, Sun Flower Bldg, No.304, Bangalore	India	pavaniresidencynewcom	H.NO D/304 , SUN FLOWER BLDG, PAVANI RESIDENCY NEW TOWN YELAHANKA, Karnataka	India
S1-354912199	S2-45881731	Source 2	Pavani Residency New Town Yelahanka Sankar Limited	Karnataka, Pavani Residency New Town Yelahanka, Sun Flower Bldg, No.304, Bangalore	India	pavaniresidencynew.com	D/304 , SUN FLOWER BLDG, PAVANI RESIDENCY NEW TOWN YELAHANKA, Karnataka	India
S1-858824786	S2-328961456	Source 2	First Energy Private Limited	Flat7 Sno.15/2, Akshay Park Bld, Aundh Rd, Thergaon, Pune, Maharashtra	India	फर्स्ट एनर्जी प्राइवेट लिमिटेड	PUNE, FLAT7 SNO.15/2, Maharashtra	India
S1-751035438	S2-517581323	Source 2	Oakley Minerals LLC	227 Main Street, Sharpsburg, MD	US	Oakley Mieeras LLC	227 MAIN STREET, NULL, SHARPSBURG, MD	US
S1-751035438	S2-674046795	Source 2	Oakley Minerals LLC	227 Main Street, Sharpsburg, MD	US	OAKLEY LLC SERVICES - 9922595681	MAIN SAINT, NULL, SHARPSBURG, MD	US
S1-399280279	S2-44731963	Source 2	Sun Management	E-154, Terrace Room, 4Th Floor, New Delhi, South Delhi, Delhi	India	सन मैनेजमेंट	E-154, DIVREPORTINGCIRCLE, दिल्ली	India
S1-948916513	S3-24836318	Source 3	22/68 Data	281 Hilltop Road, Washougal Wa, WA	US	22/68 Services	Washington, Washougal Wa, 281 Hilltop Road	US
S1-321967048	S2-521495062	Source 2	Sun Agro Private Limited	Office No. 306-10, 3Rd Floor, Morya Grand, Plot No B 3, Cts 615, Nr Morya Estate, Nr Shalimar Morya Bldg Nr Station Andh Off Oshiwara Link Road, Mumbai, Maharashtra	India	सन एग्रो प्राइवेट लिमिटेड	OFIFCE NO. 3-306-10, 3RD FLOOR, MORYA GRAND, PLOT NO B 3, CTS 615, NR MORYA ESTATE, NR SHALIMAR MORYA BLDG NR STATION ANDH OFF OSHIWARA LINK ROAD, MUMBAI, महाराष्ट्र	India
S1-84047623	S2-961908524	Source 2	Grj (India) Technology Private Limited	Secunderabad, H No. 11-3-387/3, Hyderabad, Telangana, Srinivasa Nagar	India	Zephkelofaye	DOOR NO 11-3-387/3, HYDERABAD, తెలంగాణ, SRINIVASA NAGAR, SECUNDERABAD	India
S1-587140003	S2-120530081	Source 2	Dermatology Center LLC	AZ, 611 Alamos, Green Valley	US	dcenter.com	611D ALAMOS, GREEN VALLEY, AZ	US
S1-272704324	S3-435665516	Source 3	DUV Safety LLP	Maharashtra, Kolpa Tq. Dist. Latur, Latur	India	DUV LLP [Services]	Latur, MH, Kolpa Tq. Dist. Latur, Latur	India
S1-272704324	S2-427881833	Source 2	DUV Safety LLP	Maharashtra, Kolpa Tq. Dist. Latur, Latur	India	duvsafety.com	KOLPA TQ. DIST. LATUR, LATUR, Maharashtra	India
S1-766459461	S2-67585402	Source 2	Drayan Sim	Baytown, 9735 Forest Hollow Drive, TX	US	DRNY SIM	9735 FORSET HOLLOW DR, BAYTOWN CITY, TX	US
S1-766459461	S3-111681271	Source 3	Drayan Sim	Baytown, 9735 Forest Hollow Drive, TX	US	Dryaan Sim	9735 1/2 Forest Hollow Drive, Bayown, Texas	US
S1-682477366	S3-156753004	Source 3	Shree Vision Systems Private Limited	Block No C/13St Plus D Chs Mulund (W), Mumbai, Mumbai City, Maharashtra	India	#shreevision	Block No C/13st Pius D Chs Mulund (W), MH, Mumbai, Mumbai City	India
S1-719335447	S3-631490147	Source 3	Laxmi Impex Pvt Ltd	S 513 Pvt No. 9, Basement, Main Vikas Marg Block, New Delhi, Delhi	India	लक्ष्मी इम्पेक्स प्रा. लि.	New Delhi, S 513 Pvt No. 9, New Delhi, Basement, Main Vikas Marg Block, दिल्ली	India
S1-669596120	S3-66974101	Source 3	Anand Global Pvt Ltd	Delhi, North Delhi, B-1155 Shastri Nagar, Delhi	India	Anand Pvt Ltd Services	B-1155 Shastri Nagar, North Delhi, Delhi, DL	India
S1-669596120	S2-400264829	Source 2	Anand Global Pvt Ltd	Delhi, North Delhi, B-1155 Shastri Nagar, Delhi	India	आनंद ग्लोबल प्रा. लि.	B-1155 SHASTRI NAGAR, DELHI, NORTH DELHI, Delhi	India
S1-669596120	S3-324624088	Source 3	Anand Global Pvt Ltd	Delhi, North Delhi, B-1155 Shastri Nagar, Delhi	India	आनंद ग्लोबल प्रा. लि.	B-1155 Shastri Nagar, North Delhi, Delhi, DL	India
S1-781943999	S2-488229934	Source 2	Bright Bakery	Washington City, UT, Unit 24, 180 1100	US	Bright Blmakey		US
S1-123749800	S3-826839646	Source 3	Lotus Builders Pvt Ltd	1, Sea Side Appartment, Chamber Road, Mumbai, Maharashtra	India	blotus.com	1, Bombay, Mumbai, महाराष्ट्र	India
S1-67833721	S3-107430208	Source 3	Aditya Estate Limited	Ahmedabad, Gujarat, 15, Divya Prabha Shopping Centre Opp. Gandhi Park Society, Viratnagar Roa, D, Odhav, Ahmedabad	India	આદિત્ય એસ્ટેટ લિમિટેડ	15, Divya Prabha Shopping Centre Opp. Gandhi Park Society, Viratnagar Roa, D, Odhav, Ahmedabad, GJ	India
S1-67833721	S2-957034730	Source 2	Aditya Estate Limited	Ahmedabad, Gujarat, 15, Divya Prabha Shopping Centre Opp. Gandhi Park Society, Viratnagar Roa, D, Odhav, Ahmedabad	India	આદિત્ય એસ્ટેટ લિમિટેડ	15, DIVYA PRABHA SHOPPING CENTRE OPP. GANDHI PARK SOCIETY, VIRATNAGAR ROA, D, ODHAV, AHMEDABAD, Gujarat	India
S1-403210326	S2-68618209	Source 2	Good Impex Limited	Flat No 002, Ground Floor, Slv Paradise, 1St Cross, Bangalore South, Bangalore, Karnataka	India	ಗುಡ್ ಇಂಪೆಕ್ಸ್ ಲಿಮಿಟೆಡ್	BANGALORE SOUTH, BANGALORE, FAAT NO 002/2, GROUND FLOOR, SLV PARADISE, 1ST CROSS, Karnataka	India
S1-117776415	S2-695792932	Source 2	Grace Zion	2302 Frontage Road, Unit 63, Scottsbluff, NE	US	@GRACEZION #28300	SCOTTSBLUFF, 2302 FRONTAGE ROAD, PO BOX 865, NE	US
S1-139528085	S3-801512288	Source 3	Winters Atlantic Guaranty Inc	5115 Indian Head Highway, Oxon Hill, MD	US	Winters Átlantic Inc Partners	Oxon Hill, Maryland, NULL, 5115 Indian Head Highway	US
S1-965030680	S2-505151179	Source 2	Shiva Logistics LLP	Door No 19-50/3 Back Of Divya Complex, Ibrahimpatnam Krishna, Krishna, Andhra Pradesh	India	శివ లాజిస్టిక్స్ ఎల్‌ఎల్‌పీ	#2-19-50/3 BACK OF DIVYA COMPLEX, KRISHNA, Andhra Pradesh	India
S1-965030680	S2-284618418	Source 2	Shiva Logistics LLP	Door No 19-50/3 Back Of Divya Complex, Ibrahimpatnam Krishna, Krishna, Andhra Pradesh	India	శివ Logistics ఎల్‌ఎల్‌పీ	2-19-50/3 BACK OF DIVYA COMPLEX, IBRAHIMPATNAM KRISHNA, KRISHNA, ఆంధ్రప్రదేశ్	India
S1-676688132	S3-772614109	Source 3	National Federation LLC	2626 Glenwood Avenue, Unit 521, Raleigh, NC	US	National Federaation LLC		US
S1-653909252	S3-54445044	Source 3	Anand Investment Pvt Ltd	Fp-152 B, Shanti Apt, Nr. Tulshi Party Plot, Ahmadabad City, Ahmedabad, Gujarat	India	આણંદ ઇન્વેસ્ટમેન્ટ પ્રા. લિ.	Fp-152 B, Ahmadabad City, Ahmedabad, GJ	India
S1-607666723	S2-66575430	Source 2	Baba Tech Private Limited	Shop No 107, Ring Road Market, Opposite Nauroji Nagar Market New Delhi, Delhi, South Delhi, Delhi	India	बाबा टेक प्राइवेट लिमिटेड	#1-07, RING ROAD MARKET, OPPOSITE NAUROJI NAGAR MARKET NEW DELHI, SOUTH DELHI, DELHI	India
S1-684273793	S2-608810560	Source 2	B/F Computing Inc	45 Main Street, Unit FRONT, Woburn, MA	US	@bfcomputing	#45 MAIN STREET, WOBURN, MA	US
S1-684273793	S3-514999349	Source 3	B/F Computing Inc	45 Main Street, Unit FRONT, Woburn, MA	US	B/F Compciign Inc		US
S1-684273793	S3-816643105	Source 3	B/F Computing Inc	45 Main Street, Unit FRONT, Woburn, MA	US	B/F Cmhtpuiagn Inc	Massachusetts, 352 Main St, # Front, Wbourn	US
S1-684273793	S2-529747238	Source 2	B/F Computing Inc	45 Main Street, Unit FRONT, Woburn, MA	US	B/F Cmouting Inc	413 Main St, WOBURN, MA	US
S1-344451726	S2-577847389	Source 2	Sterling Commercial Digital Inc	4209 Murdock Avenue, Bronx, NY	US	digitalsterlingcommercial.com	209 MURDOCK AVE, BROXN, NY	US
S1-29798477	S2-394164692	Source 2	Raus Equity Partners Inc	268 Patrick Road, Ephrata, WA	US	#rausequity	EPHRATA, 268 PATRICK RD, WA	US
S1-363889431	S2-65042496	Source 2	Pune Engineering Private Limited	Sector 16, Plot No 34, Fl No 06, Ganraj Residency, Opp Daigonal Mall, Pune, Maharashtra	India	ARIASYN	SECTOR 16, PUNE, महाराष्ट्र	India
S1-759372011	S3-54036196	Source 3	Valley Traders Private Limited	40/7, Karla, Ausa, Latur, Maharashtra	India	Valley Private Limited Center	40/7, Latur, MH	India
S1-498776560	S2-590856985	Source 2	First Agro Private Limited	304 Siddharth Building 96 Nehru Place, New Delhi, South Delhi, Delhi	India	फर्स्ट एग्रो प्राइवेट लिमिटेड	SOUTH DELHI, Delhi, NEW DELHI, 0304 SIDDHARTH BUILDING 96 NEHRU PLACE	India
S1-264713303	S2-67505679	Source 2	Fortune Technology Private Limited	22 Prince Anwar Shah Road, Merlin Oxford, Kolkata, Kolkata, Howrah, West Bengal	India	Fortune Private Limited Center	West Bengal, NO 22 PRINCE ANWAR SHAH ROAD, MERLIN OXFORD, KOLKATA, KOLKATA	India
S1-907972322	S3-635006927	Source 3	Faith Chapman, DMD, PC LLC	Davenport, 3304 Forest Rd, IA	US	Faithchapmandmd.Com	3304-A Forest Rd, Davenport, Iowa	US
S1-930643492	S3-550347556	Source 3	Integrated Construction Global LLC	7471 300th Street, Altamont, IL	US	#integratedconstruction	7471 300nd Street, Altamont, Illinois	US
S1-443253995	S3-536767690	Source 3	Heritage Freight Technologies	Louisville, KY, 800 S 4th St, Unit 1409	US	Pyralyranovi	800 S 4th St, Louisville, Kentucky	US
S1-961821328	S3-804178638	Source 3	Saa Industries P.C.	75 Grass Mountain Road, Terrero, NM	US	Saa Índustries P.C.		US
S1-688651016	S3-588929119	Source 3	Lynx	Newhope, AR, 2662 Highway 70	US	Lyenx	002662 Highway 70, Newope, Arkansas	US
S1-688651016	S2-885464474	Source 2	Lynx	Newhope, AR, 2662 Highway 70	US	LYNX.COM	2662-A HIGHWAY 70, NEWHOPE, AR	US
S1-688651016	S2-785800980	Source 2	Lynx	Newhope, AR, 2662 Highway 70	US	Lo	2662-A HIGHWAY 70, NEWHOPE, AR	US
S1-845929181	S3-100270922	Source 3	Vijay Trading Private Limited	J-3/299, Ground Floor Dda Flats Kalka Ji, New Delhi, South Delhi, Delhi	India	विजय ट्रेडिंग प्राइवेट लिमिटेड	J-3/299, New Delhi, DL	India
S1-799864286	S2-242896817	Source 2	Fortune Services Private Limited	105, Trishul Kaushambi, Ghaziabad, Uttar Pradesh	India	फॉर्च्यून सर्विसेज प्राइवेट लिमिटेड	105, GHAZIABAD, Uttar Pradesh	India
S1-126265290	S3-676150561	Source 3	Devore Beyond Inc	Sparks, OK, 350103 970 Road	US	Ariagild	350103 970 Road, Sparkks, Oklahoma	US
S1-46308537	S2-381939990	Source 2	Rous Tinto Inc	72 Pullman Street, Worcester, MA	US	Rous Tinito Inc	PULLMAN SAINT, WORCESTER, MA	US
S1-356151827	S2-786473434	Source 2	Jain Properties Pvt Ltd	16 Salasar Commercial Center Fatak Road Near Gas Godown Bhayander (E), Mumbai, Mumbai City, Maharashtra	India	जैन प्रॉपर्टीज प्रा. लि.	MUMBAI, MUMBAI CITY, Maharashtra, ##16 SALASAR COMMERCIAL CENTER FATAK ROAD NEAR GAS GODOWN BHAYANDER (E)	India
S1-94850406	S2-903246970	Source 2	Abra Mcgarry Harbor Crypto Inc.	4104 Pine Cove Road, Billings, MT	US	abramcgarryharbor.com	MT, BILLINGS, 4104 PINE COVE RD	US
S1-145262973	S2-49011134	Source 2	F X Boyd Emera LLC	2004 Stephens Street, Ashland, KY	US	F  X Boyseod Emera LLC	2004 STEPEHNS ST, null, ASHLAND, KY	US
